insert into book (id, title) values (1, 'Pierwsza książka');
insert into book (id, title) values (2, 'Druga książka');
insert into book (id, title) values (3, 'Trzecia książka');

insert into author (id, first_name, last_name) values (7, 'Jan', 'Kowalski');
insert into author (id, first_name, last_name) values (8, 'Zbigniew', 'Nowak');
insert into author (id, first_name, last_name) values (9, 'Janusz', 'Jankowski');

insert into book_author(book_id, author_id) values (1, 7);
insert into book_author(book_id, author_id) values (1, 8);
insert into book_author(book_id, author_id) values (2, 8);
insert into book_author(book_id, author_id) values (3, 9);

insert into dzial (nazwa,aktywny) values ('CSC', 1);
insert into dzial (nazwa,aktywny) values ('SSC', 1);
insert into dzial (nazwa,aktywny) values ('PSC', 1);
insert into dzial (nazwa,aktywny) values ('ASC', 1);
insert into dzial (nazwa,aktywny) values ('IT', 1);
insert into dzial (nazwa,aktywny) values ('HR', 1);
insert into dzial (nazwa,aktywny) values ('ADM', 1);
insert into dzial (nazwa,aktywny) values ('FD', 1);
insert into dzial (nazwa,aktywny) values ('MNG', 1);

insert into pracownik (id,imie,nazwisko, pesel, data_urodzenia, dzial_id, aktywny) values (1,'jan','kowalski',77010100001,19770101,2,TRUE);
insert into pracownik (id,imie,nazwisko, pesel, data_urodzenia, dzial_id, aktywny) values (2,'adam','nowak',78010100001,19780101,1,TRUE);
insert into pracownik (id,imie,nazwisko, pesel, data_urodzenia, dzial_id, aktywny) values (3,'jan','badziewiak',79020100001,19790201,1,TRUE);
insert into pracownik (id,imie,nazwisko, pesel, data_urodzenia, dzial_id, aktywny) values (4,'pan','kanapka',80030100001,19800301,1,TRUE);
insert into pracownik (id,imie,nazwisko, pesel, data_urodzenia, dzial_id, aktywny) values (5,'mr','precel',79100700001,19791007,1,TRUE);
insert into pracownik (id,imie,nazwisko, pesel, data_urodzenia, dzial_id, aktywny) values (6,'Jadwiga','Bilecka',74040638902,19740406,8,TRUE);
insert into pracownik (id,imie,nazwisko, pesel, data_urodzenia, dzial_id, aktywny) values (7,'Rafał','Bobek',76052789787,19760527,8,TRUE);
insert into pracownik (id,imie,nazwisko, pesel, data_urodzenia, dzial_id, aktywny) values (8,'Robert','Bobekowski',80081614493,19800816,7,TRUE);
insert into pracownik (id,imie,nazwisko, pesel, data_urodzenia, dzial_id, aktywny) values (9,'Rafał','Bobikowski',66071031657,19660710,3,TRUE);
insert into pracownik (id,imie,nazwisko, pesel, data_urodzenia, dzial_id, aktywny) values (10,'Rafał','Brobek',97102518099,19971025,7,TRUE);
insert into pracownik (id,imie,nazwisko, pesel, data_urodzenia, dzial_id, aktywny) values (11,'Wiktor','Brudziak',67111397257,19671113,7,TRUE);
insert into pracownik (id,imie,nazwisko, pesel, data_urodzenia, dzial_id, aktywny) values (12,'Bolesław','Bryński',66122607490,19661226,5,TRUE);
insert into pracownik (id,imie,nazwisko, pesel, data_urodzenia, dzial_id, aktywny) values (13,'Jadwiga','Chrilecka',64021940821,19640219,1,TRUE);
insert into pracownik (id,imie,nazwisko, pesel, data_urodzenia, dzial_id, aktywny) values (14,'Liliana','Ciupała',88010495567,19880104,2,TRUE);
insert into pracownik (id,imie,nazwisko, pesel, data_urodzenia, dzial_id, aktywny) values (15,'Katarzyna','Dawro',69122650973,19691226,6,TRUE);
insert into pracownik (id,imie,nazwisko, pesel, data_urodzenia, dzial_id, aktywny) values (16,'Jadwiga','Derilecka',89122867997,19891228,4,TRUE);
insert into pracownik (id,imie,nazwisko, pesel, data_urodzenia, dzial_id, aktywny) values (17,'Michał','Dertucha',97080477075,19970804,5,TRUE);
insert into pracownik (id,imie,nazwisko, pesel, data_urodzenia, dzial_id, aktywny) values (18,'Robert','Dido',51022462081,19510224,8,TRUE);
insert into pracownik (id,imie,nazwisko, pesel, data_urodzenia, dzial_id, aktywny) values (19,'Michał','Dindo',75042129273,19750421,9,TRUE);
insert into pracownik (id,imie,nazwisko, pesel, data_urodzenia, dzial_id, aktywny) values (20,'Rafał','Dobek',50032714830,19500327,1,TRUE);
insert into pracownik (id,imie,nazwisko, pesel, data_urodzenia, dzial_id, aktywny) values (21,'Andrzej','Drozda',61041155976,19610411,3,TRUE);
insert into pracownik (id,imie,nazwisko, pesel, data_urodzenia, dzial_id, aktywny) values (22,'Wiktor','Dudziak',63031875236,19630318,3,TRUE);
insert into pracownik (id,imie,nazwisko, pesel, data_urodzenia, dzial_id, aktywny) values (23,'Robert','Dwernik',76122633393,19761226,6,TRUE);
insert into pracownik (id,imie,nazwisko, pesel, data_urodzenia, dzial_id, aktywny) values (24,'Michał','Fądecki',84071438647,19840714,5,TRUE);
insert into pracownik (id,imie,nazwisko, pesel, data_urodzenia, dzial_id, aktywny) values (25,'Barbara','Fibiana',88071194938,19880711,6,TRUE);
insert into pracownik (id,imie,nazwisko, pesel, data_urodzenia, dzial_id, aktywny) values (26,'Jadwiga','Filbrecka',94061045843,19940610,2,TRUE);
insert into pracownik (id,imie,nazwisko, pesel, data_urodzenia, dzial_id, aktywny) values (27,'Kalina','Filecka',97062155053,19970621,3,TRUE);
insert into pracownik (id,imie,nazwisko, pesel, data_urodzenia, dzial_id, aktywny) values (28,'Jolanta','Filecka',92031890346,19920318,6,TRUE);
insert into pracownik (id,imie,nazwisko, pesel, data_urodzenia, dzial_id, aktywny) values (29,'Jadwiga','Filoecka',95092370889,19950923,5,TRUE);
insert into pracownik (id,imie,nazwisko, pesel, data_urodzenia, dzial_id, aktywny) values (30,'Jadwiga','Firlecka',79101213148,19791012,3,TRUE);
insert into pracownik (id,imie,nazwisko, pesel, data_urodzenia, dzial_id, aktywny) values (31,'Rafał','Forbek',97071851020,19970718,5,TRUE);
insert into pracownik (id,imie,nazwisko, pesel, data_urodzenia, dzial_id, aktywny) values (32,'Barbara','Fornal',81102045159,19811020,3,TRUE);
insert into pracownik (id,imie,nazwisko, pesel, data_urodzenia, dzial_id, aktywny) values (33,'Rafał','Fraczyński',82082659804,19820826,4,TRUE);
insert into pracownik (id,imie,nazwisko, pesel, data_urodzenia, dzial_id, aktywny) values (34,'Jadwiga','Fulecka',72020620865,19720206,2,TRUE);
insert into pracownik (id,imie,nazwisko, pesel, data_urodzenia, dzial_id, aktywny) values (35,'Jadwiga','Gilecka',84042191019,19840421,4,TRUE);
insert into pracownik (id,imie,nazwisko, pesel, data_urodzenia, dzial_id, aktywny) values (36,'Rafał','Grater',64041843164,19640418,1,TRUE);
insert into pracownik (id,imie,nazwisko, pesel, data_urodzenia, dzial_id, aktywny) values (37,'Zbigniew','Grawik',87111728657,19871117,2,TRUE);
insert into pracownik (id,imie,nazwisko, pesel, data_urodzenia, dzial_id, aktywny) values (38,'Pelagia','Greczyn',63050883377,19630508,3,TRUE);
insert into pracownik (id,imie,nazwisko, pesel, data_urodzenia, dzial_id, aktywny) values (39,'Barbara','Griczan',65081868711,19650818,8,TRUE);
insert into pracownik (id,imie,nazwisko, pesel, data_urodzenia, dzial_id, aktywny) values (40,'Barbara','Gruda',85091358733,19850913,9,TRUE);
insert into pracownik (id,imie,nazwisko, pesel, data_urodzenia, dzial_id, aktywny) values (41,'Zbigniew','Hrubek',87091798994,19870917,3,TRUE);
insert into pracownik (id,imie,nazwisko, pesel, data_urodzenia, dzial_id, aktywny) values (42,'Wiktor','Hryczyński',76080500081,19760805,2,TRUE);
insert into pracownik (id,imie,nazwisko, pesel, data_urodzenia, dzial_id, aktywny) values (43,'Andrzej','Jadziak',77011763102,19770117,9,TRUE);
insert into pracownik (id,imie,nazwisko, pesel, data_urodzenia, dzial_id, aktywny) values (44,'Barbara','Jagiel',96060833498,19960608,7,TRUE);
insert into pracownik (id,imie,nazwisko, pesel, data_urodzenia, dzial_id, aktywny) values (45,'Stefan','Janicki',60041375353,19600413,9,TRUE);
insert into pracownik (id,imie,nazwisko, pesel, data_urodzenia, dzial_id, aktywny) values (46,'Robert','Jawlik',77050511107,19770505,9,TRUE);
insert into pracownik (id,imie,nazwisko, pesel, data_urodzenia, dzial_id, aktywny) values (47,'Barbara','Jelikowska',92072217472,19920722,7,TRUE);
insert into pracownik (id,imie,nazwisko, pesel, data_urodzenia, dzial_id, aktywny) values (48,'Wiktor','Jobda',92081900362,19920819,3,TRUE);
insert into pracownik (id,imie,nazwisko, pesel, data_urodzenia, dzial_id, aktywny) values (49,'Jadwiga','Jolecka',61121552697,19611215,5,TRUE);
insert into pracownik (id,imie,nazwisko, pesel, data_urodzenia, dzial_id, aktywny) values (50,'Wiktor','Karolik',89090983002,19890909,3,TRUE);
insert into pracownik (id,imie,nazwisko, pesel, data_urodzenia, dzial_id, aktywny) values (51,'Zbigniew','Kąkol',78060608272,19780606,2,TRUE);
insert into pracownik (id,imie,nazwisko, pesel, data_urodzenia, dzial_id, aktywny) values (52,'Barbara','Kiszewska',63011307290,19630113,5,TRUE);
insert into pracownik (id,imie,nazwisko, pesel, data_urodzenia, dzial_id, aktywny) values (53,'Rafał','Kobek',86091315473,19860913,2,TRUE);
insert into pracownik (id,imie,nazwisko, pesel, data_urodzenia, dzial_id, aktywny) values (54,'Tadeusz','Komasa',84060850485,19840608,3,TRUE);
insert into pracownik (id,imie,nazwisko, pesel, data_urodzenia, dzial_id, aktywny) values (55,'Michał','Komor',60061875337,19600618,6,TRUE);
insert into pracownik (id,imie,nazwisko, pesel, data_urodzenia, dzial_id, aktywny) values (56,'Tadeusz','Komorak',70111124486,19701111,3,TRUE);
insert into pracownik (id,imie,nazwisko, pesel, data_urodzenia, dzial_id, aktywny) values (57,'Tadeusz','Komorna',65080445585,19650804,7,TRUE);
insert into pracownik (id,imie,nazwisko, pesel, data_urodzenia, dzial_id, aktywny) values (58,'Michał','Komornicki',59121702506,19591217,5,TRUE);
insert into pracownik (id,imie,nazwisko, pesel, data_urodzenia, dzial_id, aktywny) values (59,'Tadeusz','Komorników',85111934704,19851119,8,TRUE);
insert into pracownik (id,imie,nazwisko, pesel, data_urodzenia, dzial_id, aktywny) values (60,'Michał','Komos',72040316760,19720403,9,TRUE);
insert into pracownik (id,imie,nazwisko, pesel, data_urodzenia, dzial_id, aktywny) values (61,'Tadeusz','Kowalski',77031774504,19770317,1,TRUE);
insert into pracownik (id,imie,nazwisko, pesel, data_urodzenia, dzial_id, aktywny) values (62,'Wiktor','Krupicki',68012014305,19680120,2,TRUE);
insert into pracownik (id,imie,nazwisko, pesel, data_urodzenia, dzial_id, aktywny) values (63,'Janusz','Kurant',92032174798,19920321,2,TRUE);
insert into pracownik (id,imie,nazwisko, pesel, data_urodzenia, dzial_id, aktywny) values (64,'Michał','Kureka',85031428343,19850314,4,TRUE);
insert into pracownik (id,imie,nazwisko, pesel, data_urodzenia, dzial_id, aktywny) values (65,'Wiktor','Labuda',55092384570,19550923,1,TRUE);
insert into pracownik (id,imie,nazwisko, pesel, data_urodzenia, dzial_id, aktywny) values (66,'Zbigniew','Liczaba',72101572229,19721015,3,TRUE);
insert into pracownik (id,imie,nazwisko, pesel, data_urodzenia, dzial_id, aktywny) values (67,'Robert','Liczak',68051659447,19680516,7,TRUE);
insert into pracownik (id,imie,nazwisko, pesel, data_urodzenia, dzial_id, aktywny) values (68,'Michał','Likary',91031161621,19910311,4,TRUE);
insert into pracownik (id,imie,nazwisko, pesel, data_urodzenia, dzial_id, aktywny) values (69,'Mateusz','Likian',86101336761,19861013,9,TRUE);
insert into pracownik (id,imie,nazwisko, pesel, data_urodzenia, dzial_id, aktywny) values (70,'Marek','Linda',61021661097,19610216,5,TRUE);
insert into pracownik (id,imie,nazwisko, pesel, data_urodzenia, dzial_id, aktywny) values (71,'Michał','Lindak',93010917449,19930109,3,TRUE);
insert into pracownik (id,imie,nazwisko, pesel, data_urodzenia, dzial_id, aktywny) values (72,'Franciszek','Lindarek',78030469106,19780304,6,TRUE);
insert into pracownik (id,imie,nazwisko, pesel, data_urodzenia, dzial_id, aktywny) values (73,'Michał','Lipecki',90092398734,19900923,4,TRUE);
insert into pracownik (id,imie,nazwisko, pesel, data_urodzenia, dzial_id, aktywny) values (74,'Ewa','Masztaler',69020895240,19690208,8,TRUE);
insert into pracownik (id,imie,nazwisko, pesel, data_urodzenia, dzial_id, aktywny) values (75,'Barbara','Mączyńska',93092717621,19930927,8,TRUE);
insert into pracownik (id,imie,nazwisko, pesel, data_urodzenia, dzial_id, aktywny) values (76,'Zbigniew','Mąkol',55030796802,19550307,1,TRUE);
insert into pracownik (id,imie,nazwisko, pesel, data_urodzenia, dzial_id, aktywny) values (77,'Jadwiga','Milecka',61110234840,19611102,3,TRUE);
insert into pracownik (id,imie,nazwisko, pesel, data_urodzenia, dzial_id, aktywny) values (78,'Robert','Moczydło',85120153511,19851201,5,TRUE);
insert into pracownik (id,imie,nazwisko, pesel, data_urodzenia, dzial_id, aktywny) values (79,'Ewa','Niemota',54112714908,19541127,7,TRUE);
insert into pracownik (id,imie,nazwisko, pesel, data_urodzenia, dzial_id, aktywny) values (80,'Robert','Palancik',76120733767,19761207,4,TRUE);
insert into pracownik (id,imie,nazwisko, pesel, data_urodzenia, dzial_id, aktywny) values (81,'Paweł','Palek',72082326262,19720823,4,TRUE);
insert into pracownik (id,imie,nazwisko, pesel, data_urodzenia, dzial_id, aktywny) values (82,'Krystyna','Pilecki',52010936575,19520109,2,TRUE);
insert into pracownik (id,imie,nazwisko, pesel, data_urodzenia, dzial_id, aktywny) values (83,'Krystyna','Policka',56010572664,19560105,8,TRUE);
insert into pracownik (id,imie,nazwisko, pesel, data_urodzenia, dzial_id, aktywny) values (84,'Krzysztof','Policki',59062096994,19590620,3,TRUE);
insert into pracownik (id,imie,nazwisko, pesel, data_urodzenia, dzial_id, aktywny) values (85,'Elwira','Policzawska',81092625325,19810926,2,TRUE);
insert into pracownik (id,imie,nazwisko, pesel, data_urodzenia, dzial_id, aktywny) values (86,'Paweł','Policzewski',89010819635,19890108,5,TRUE);
insert into pracownik (id,imie,nazwisko, pesel, data_urodzenia, dzial_id, aktywny) values (87,'Krystyna','Polkowiak',85042720233,19850427,7,TRUE);
insert into pracownik (id,imie,nazwisko, pesel, data_urodzenia, dzial_id, aktywny) values (88,'Wiktor','Prószak',68080182136,19680801,9,TRUE);
insert into pracownik (id,imie,nazwisko, pesel, data_urodzenia, dzial_id, aktywny) values (89,'Andrzej','Robek',91111312056,19911113,6,TRUE);
insert into pracownik (id,imie,nazwisko, pesel, data_urodzenia, dzial_id, aktywny) values (90,'Zbigniew','Rudak',85072788237,19850727,9,TRUE);
insert into pracownik (id,imie,nazwisko, pesel, data_urodzenia, dzial_id, aktywny) values (91,'Barbara','Sadurski',90072370475,19900723,6,TRUE);
insert into pracownik (id,imie,nazwisko, pesel, data_urodzenia, dzial_id, aktywny) values (92,'Marek','Sawek',80112708072,19801127,2,TRUE);
insert into pracownik (id,imie,nazwisko, pesel, data_urodzenia, dzial_id, aktywny) values (93,'Robert','Sulik',83010478867,19830104,7,TRUE);
insert into pracownik (id,imie,nazwisko, pesel, data_urodzenia, dzial_id, aktywny) values (94,'Zbigniew','Sulik',68062874962,19680628,8,TRUE);
insert into pracownik (id,imie,nazwisko, pesel, data_urodzenia, dzial_id, aktywny) values (95,'Robert','Sulikowski',50050915666,19500509,1,TRUE);
insert into pracownik (id,imie,nazwisko, pesel, data_urodzenia, dzial_id, aktywny) values (96,'Robert','Surma',52111221013,19521112,5,TRUE);
insert into pracownik (id,imie,nazwisko, pesel, data_urodzenia, dzial_id, aktywny) values (97,'Robert','Surmak',67110155644,19671101,5,TRUE);
insert into pracownik (id,imie,nazwisko, pesel, data_urodzenia, dzial_id, aktywny) values (98,'Wiktor','Suwald',84032229038,19840322,4,TRUE);
insert into pracownik (id,imie,nazwisko, pesel, data_urodzenia, dzial_id, aktywny) values (99,'Michał','Szerka',58011284053,19580112,4,TRUE);
insert into pracownik (id,imie,nazwisko, pesel, data_urodzenia, dzial_id, aktywny) values (100,'Tadeusz','Tomora',52120777989,19521207,2,TRUE);
insert into pracownik (id,imie,nazwisko, pesel, data_urodzenia, dzial_id, aktywny) values (101,'Zbigniew','Trewirek',85071209340,19850712,5,TRUE);
insert into pracownik (id,imie,nazwisko, pesel, data_urodzenia, dzial_id, aktywny) values (102,'Zbigniew','Twardzioch',58091312444,19580913,3,TRUE);
insert into pracownik (id,imie,nazwisko, pesel, data_urodzenia, dzial_id, aktywny) values (103,'Andrzej','Twarnowski',59091711181,19590917,1,TRUE);
insert into pracownik (id,imie,nazwisko, pesel, data_urodzenia, dzial_id, aktywny) values (104,'Tadeusz','Twomicki',86011435902,19860114,9,TRUE);
insert into pracownik (id,imie,nazwisko, pesel, data_urodzenia, dzial_id, aktywny) values (105,'Michał','Wertyk',73110570956,19731105,1,TRUE);
insert into pracownik (id,imie,nazwisko, pesel, data_urodzenia, dzial_id, aktywny) values (106,'Rafał','Wobek',83021851995,19830218,6,TRUE);
insert into pracownik (id,imie,nazwisko, pesel, data_urodzenia, dzial_id, aktywny) values (107,'Tadeusz','Womor',95050502000,19950505,7,TRUE);
insert into pracownik (id,imie,nazwisko, pesel, data_urodzenia, dzial_id, aktywny) values (108,'Robert','Wyszon',61020803716,19610208,3,TRUE);
insert into pracownik (id,imie,nazwisko, pesel, data_urodzenia, dzial_id, aktywny) values (109,'Robert','Zamek',84121475677,19841214,5,TRUE);
insert into pracownik (id,imie,nazwisko, pesel, data_urodzenia, dzial_id, aktywny) values (110,'Wiktor','Zamłcki',90052105868,19900521,6,TRUE);
insert into pracownik (id,imie,nazwisko, pesel, data_urodzenia, dzial_id, aktywny) values (111,'Tadeusz','Zomornik',81032667596,19810326,2,TRUE);
insert into pracownik (id,imie,nazwisko, pesel, data_urodzenia, dzial_id, aktywny) values (112,'Edward','Żeligowski',84060980173,19840609,8,TRUE);
insert into pracownik (id,imie,nazwisko, pesel, data_urodzenia, dzial_id, aktywny) values (113,'Zbigniew','Żeligowski',94020123086,19940201,7,TRUE);
insert into pracownik (id,imie,nazwisko, pesel, data_urodzenia, dzial_id, aktywny) values (114,'Jadwiga','Żeligowski',91061166395,19910611,5,TRUE);
insert into pracownik (id,imie,nazwisko, pesel, data_urodzenia, dzial_id, aktywny) values (115,'Rafał','Żeligowski',56010700536,19560107,5,TRUE);
insert into pracownik (id,imie,nazwisko, pesel, data_urodzenia, dzial_id, aktywny) values (116,'Robert','Zomornik',54121941060,19541219,6,TRUE);
insert into pracownik (id,imie,nazwisko, pesel, data_urodzenia, dzial_id, aktywny) values (117,'Rafał','Zamłcki',85070788750,19850707,6,TRUE);
insert into pracownik (id,imie,nazwisko, pesel, data_urodzenia, dzial_id, aktywny) values (118,'Rafał','Zamek',81110200366,19811102,4,TRUE);
insert into pracownik (id,imie,nazwisko, pesel, data_urodzenia, dzial_id, aktywny) values (119,'Wiktor','Wyszon',86110380293,19861103,7,TRUE);
insert into pracownik (id,imie,nazwisko, pesel, data_urodzenia, dzial_id, aktywny) values (120,'Bolesław','Womor',97121432343,19971214,7,TRUE);
insert into pracownik (id,imie,nazwisko, pesel, data_urodzenia, dzial_id, aktywny) values (121,'Jadwiga','Wobek',55010950614,19550109,4,TRUE);
insert into pracownik (id,imie,nazwisko, pesel, data_urodzenia, dzial_id, aktywny) values (122,'Liliana','Wertyk',64061508370,19640615,6,TRUE);
insert into pracownik (id,imie,nazwisko, pesel, data_urodzenia, dzial_id, aktywny) values (123,'Katarzyna','Twomicki',80122146347,19801221,2,TRUE);
insert into pracownik (id,imie,nazwisko, pesel, data_urodzenia, dzial_id, aktywny) values (124,'Jadwiga','Twarnowski',74071038961,19740710,6,TRUE);
insert into pracownik (id,imie,nazwisko, pesel, data_urodzenia, dzial_id, aktywny) values (125,'Michał','Twardzioch',87041137629,19870411,5,TRUE);
insert into pracownik (id,imie,nazwisko, pesel, data_urodzenia, dzial_id, aktywny) values (126,'Robert','Trewirek',50122178801,19501221,1,TRUE);
insert into pracownik (id,imie,nazwisko, pesel, data_urodzenia, dzial_id, aktywny) values (127,'Michał','Tomora',82020913201,19820209,3,TRUE);
insert into pracownik (id,imie,nazwisko, pesel, data_urodzenia, dzial_id, aktywny) values (128,'Rafał','Szerka',89110347050,19891103,9,TRUE);
insert into pracownik (id,imie,nazwisko, pesel, data_urodzenia, dzial_id, aktywny) values (129,'Andrzej','Suwald',86040294600,19860402,4,TRUE);
insert into pracownik (id,imie,nazwisko, pesel, data_urodzenia, dzial_id, aktywny) values (130,'Wiktor','Surmak',90091071070,19900910,2,TRUE);
insert into pracownik (id,imie,nazwisko, pesel, data_urodzenia, dzial_id, aktywny) values (131,'Robert','Surma',58032617817,19580326,3,TRUE);
insert into pracownik (id,imie,nazwisko, pesel, data_urodzenia, dzial_id, aktywny) values (132,'Michał','Sulikowski',59060214035,19590602,4,TRUE);
insert into pracownik (id,imie,nazwisko, pesel, data_urodzenia, dzial_id, aktywny) values (133,'Barbara','Sulik',80070778118,19800707,1,TRUE);
insert into pracownik (id,imie,nazwisko, pesel, data_urodzenia, dzial_id, aktywny) values (134,'Jadwiga','Sulik',68021742085,19680217,5,TRUE);
insert into pracownik (id,imie,nazwisko, pesel, data_urodzenia, dzial_id, aktywny) values (135,'Kalina','Sawek',75101619582,19751016,4,TRUE);
insert into pracownik (id,imie,nazwisko, pesel, data_urodzenia, dzial_id, aktywny) values (136,'Jolanta','Sadurski',61022072655,19610220,9,TRUE);
insert into pracownik (id,imie,nazwisko, pesel, data_urodzenia, dzial_id, aktywny) values (137,'Jadwiga','Rudak',58112433665,19581124,6,TRUE);
insert into pracownik (id,imie,nazwisko, pesel, data_urodzenia, dzial_id, aktywny) values (138,'Jadwiga','Robek',72010325757,19720103,8,TRUE);
insert into pracownik (id,imie,nazwisko, pesel, data_urodzenia, dzial_id, aktywny) values (139,'Rafał','Prószak',52010438557,19520104,7,TRUE);
insert into pracownik (id,imie,nazwisko, pesel, data_urodzenia, dzial_id, aktywny) values (140,'Barbara','Polkowiak',80090384017,19800903,9,TRUE);
insert into pracownik (id,imie,nazwisko, pesel, data_urodzenia, dzial_id, aktywny) values (141,'Rafał','Policzewski',70012547561,19700125,1,TRUE);
insert into pracownik (id,imie,nazwisko, pesel, data_urodzenia, dzial_id, aktywny) values (142,'Jadwiga','Policzawska',72040424799,19720404,4,TRUE);
insert into pracownik (id,imie,nazwisko, pesel, data_urodzenia, dzial_id, aktywny) values (143,'Jadwiga','Policki',60100252266,19601002,5,TRUE);
insert into pracownik (id,imie,nazwisko, pesel, data_urodzenia, dzial_id, aktywny) values (144,'Rafał','Policka',79031025286,19790310,4,TRUE);
insert into pracownik (id,imie,nazwisko, pesel, data_urodzenia, dzial_id, aktywny) values (145,'Zbigniew','Pilecki',60091734170,19600917,4,TRUE);
insert into pracownik (id,imie,nazwisko, pesel, data_urodzenia, dzial_id, aktywny) values (146,'Pelagia','Palek',73052205515,19730522,6,TRUE);
insert into pracownik (id,imie,nazwisko, pesel, data_urodzenia, dzial_id, aktywny) values (147,'Barbara','Palancik',72042373850,19720423,9,TRUE);
insert into pracownik (id,imie,nazwisko, pesel, data_urodzenia, dzial_id, aktywny) values (148,'Barbara','Niemota',93101913674,19931019,1,TRUE);
insert into pracownik (id,imie,nazwisko, pesel, data_urodzenia, dzial_id, aktywny) values (149,'Zbigniew','Moczydło',58101411539,19581014,2,TRUE);
insert into pracownik (id,imie,nazwisko, pesel, data_urodzenia, dzial_id, aktywny) values (150,'Wiktor','Milecka',53091740464,19530917,7,TRUE);
insert into pracownik (id,imie,nazwisko, pesel, data_urodzenia, dzial_id, aktywny) values (151,'Andrzej','Mąkol',76030155349,19760301,5,TRUE);
insert into pracownik (id,imie,nazwisko, pesel, data_urodzenia, dzial_id, aktywny) values (152,'Barbara','Mączyńska',62021966835,19620219,5,TRUE);
insert into pracownik (id,imie,nazwisko, pesel, data_urodzenia, dzial_id, aktywny) values (153,'Stefan','Masztaler',57120195504,19571201,7,TRUE);
insert into pracownik (id,imie,nazwisko, pesel, data_urodzenia, dzial_id, aktywny) values (154,'Robert','Lipecki',81032883049,19810328,2,TRUE);
insert into pracownik (id,imie,nazwisko, pesel, data_urodzenia, dzial_id, aktywny) values (155,'Barbara','Lindarek',72112268728,19721122,8,TRUE);
insert into pracownik (id,imie,nazwisko, pesel, data_urodzenia, dzial_id, aktywny) values (156,'Wiktor','Lindak',52031192905,19520311,8,TRUE);
insert into pracownik (id,imie,nazwisko, pesel, data_urodzenia, dzial_id, aktywny) values (157,'Jadwiga','Linda',87112464339,19871124,6,TRUE);
insert into pracownik (id,imie,nazwisko, pesel, data_urodzenia, dzial_id, aktywny) values (158,'Wiktor','Likian',85061170462,19850611,7,TRUE);
insert into pracownik (id,imie,nazwisko, pesel, data_urodzenia, dzial_id, aktywny) values (159,'Zbigniew','Likary',95082088770,19950820,5,TRUE);
insert into pracownik (id,imie,nazwisko, pesel, data_urodzenia, dzial_id, aktywny) values (160,'Barbara','Liczak',75071213381,19750712,9,TRUE);
insert into pracownik (id,imie,nazwisko, pesel, data_urodzenia, dzial_id, aktywny) values (161,'Rafał','Liczaba',60062779327,19600627,6,TRUE);
insert into pracownik (id,imie,nazwisko, pesel, data_urodzenia, dzial_id, aktywny) values (162,'Tadeusz','Labuda',76101390060,19761013,2,TRUE);
insert into pracownik (id,imie,nazwisko, pesel, data_urodzenia, dzial_id, aktywny) values (163,'Michał','Kureka',67032004943,19670320,8,TRUE);
insert into pracownik (id,imie,nazwisko, pesel, data_urodzenia, dzial_id, aktywny) values (164,'Tadeusz','Kurant',90042126441,19900421,6,TRUE);
insert into pracownik (id,imie,nazwisko, pesel, data_urodzenia, dzial_id, aktywny) values (165,'Tadeusz','Krupicki',81031877275,19810318,8,TRUE);
insert into pracownik (id,imie,nazwisko, pesel, data_urodzenia, dzial_id, aktywny) values (166,'Michał','Kowalski',80021753939,19800217,3,TRUE);
insert into pracownik (id,imie,nazwisko, pesel, data_urodzenia, dzial_id, aktywny) values (167,'Tadeusz','Komos',62060136855,19620601,9,TRUE);
insert into pracownik (id,imie,nazwisko, pesel, data_urodzenia, dzial_id, aktywny) values (168,'Michał','Komorników',68081162637,19680811,2,TRUE);
insert into pracownik (id,imie,nazwisko, pesel, data_urodzenia, dzial_id, aktywny) values (169,'Tadeusz','Komornicki',88042662186,19880426,2,TRUE);
insert into pracownik (id,imie,nazwisko, pesel, data_urodzenia, dzial_id, aktywny) values (170,'Wiktor','Komorna',93042718488,19930427,6,TRUE);
insert into pracownik (id,imie,nazwisko, pesel, data_urodzenia, dzial_id, aktywny) values (171,'Janusz','Komorak',55051557905,19550515,8,TRUE);
insert into pracownik (id,imie,nazwisko, pesel, data_urodzenia, dzial_id, aktywny) values (172,'Michał','Komor',69022740887,19690227,6,TRUE);
insert into pracownik (id,imie,nazwisko, pesel, data_urodzenia, dzial_id, aktywny) values (173,'Wiktor','Komasa',96021167637,19960211,4,TRUE);
insert into pracownik (id,imie,nazwisko, pesel, data_urodzenia, dzial_id, aktywny) values (174,'Zbigniew','Kobek',96012411106,19960124,1,TRUE);
insert into pracownik (id,imie,nazwisko, pesel, data_urodzenia, dzial_id, aktywny) values (175,'Robert','Kiszewska',50042873297,19500428,9,TRUE);
insert into pracownik (id,imie,nazwisko, pesel, data_urodzenia, dzial_id, aktywny) values (176,'Michał','Kąkol',74060441474,19740604,7,TRUE);
insert into pracownik (id,imie,nazwisko, pesel, data_urodzenia, dzial_id, aktywny) values (177,'Mateusz','Karolik',70031548258,19700315,5,TRUE);
insert into pracownik (id,imie,nazwisko, pesel, data_urodzenia, dzial_id, aktywny) values (178,'Marek','Jolecka',63020363583,19630203,3,TRUE);
insert into pracownik (id,imie,nazwisko, pesel, data_urodzenia, dzial_id, aktywny) values (179,'Michał','Jobda',62122383205,19621223,5,TRUE);
insert into pracownik (id,imie,nazwisko, pesel, data_urodzenia, dzial_id, aktywny) values (180,'Franciszek','Jelikowska',61040249025,19610402,2,TRUE);
insert into pracownik (id,imie,nazwisko, pesel, data_urodzenia, dzial_id, aktywny) values (181,'Michał','Jawlik',69010172953,19690101,7,TRUE);
insert into pracownik (id,imie,nazwisko, pesel, data_urodzenia, dzial_id, aktywny) values (182,'Ewa','Janicki',69081922333,19690819,1,TRUE);
insert into pracownik (id,imie,nazwisko, pesel, data_urodzenia, dzial_id, aktywny) values (183,'Barbara','Jagiel',53031624105,19530316,8,TRUE);
insert into pracownik (id,imie,nazwisko, pesel, data_urodzenia, dzial_id, aktywny) values (184,'Zbigniew','Jadziak',78121853089,19781218,4,TRUE);
insert into pracownik (id,imie,nazwisko, pesel, data_urodzenia, dzial_id, aktywny) values (185,'Jadwiga','Hryczyński',77021343920,19770213,2,TRUE);
insert into pracownik (id,imie,nazwisko, pesel, data_urodzenia, dzial_id, aktywny) values (186,'Robert','Hrubek',56060149341,19560601,2,TRUE);
insert into pracownik (id,imie,nazwisko, pesel, data_urodzenia, dzial_id, aktywny) values (187,'Ewa','Gruda',54030928750,19540309,1,TRUE);
insert into pracownik (id,imie,nazwisko, pesel, data_urodzenia, dzial_id, aktywny) values (188,'Robert','Griczan',71070629114,19710706,1,TRUE);
insert into pracownik (id,imie,nazwisko, pesel, data_urodzenia, dzial_id, aktywny) values (189,'Paweł','Greczyn',50092030089,19500920,6,TRUE);
insert into pracownik (id,imie,nazwisko, pesel, data_urodzenia, dzial_id, aktywny) values (190,'Krystyna','Grawik',88062078270,19880620,3,TRUE);
insert into pracownik (id,imie,nazwisko, pesel, data_urodzenia, dzial_id, aktywny) values (191,'Krystyna','Grater',62082521389,19620825,5,TRUE);
insert into pracownik (id,imie,nazwisko, pesel, data_urodzenia, dzial_id, aktywny) values (192,'Krzysztof','Gilecka',50051579994,19500515,6,TRUE);
insert into pracownik (id,imie,nazwisko, pesel, data_urodzenia, dzial_id, aktywny) values (193,'Elwira','Fulecka',67062633489,19670626,9,TRUE);
insert into pracownik (id,imie,nazwisko, pesel, data_urodzenia, dzial_id, aktywny) values (194,'Paweł','Fraczyński',50040351117,19500403,6,TRUE);
insert into pracownik (id,imie,nazwisko, pesel, data_urodzenia, dzial_id, aktywny) values (195,'Krystyna','Fornal',71071379094,19710713,6,TRUE);
insert into pracownik (id,imie,nazwisko, pesel, data_urodzenia, dzial_id, aktywny) values (196,'Wiktor','Forbek',50091577417,19500915,9,TRUE);
insert into pracownik (id,imie,nazwisko, pesel, data_urodzenia, dzial_id, aktywny) values (197,'Andrzej','Firlecka',57021116058,19570211,7,TRUE);
insert into pracownik (id,imie,nazwisko, pesel, data_urodzenia, dzial_id, aktywny) values (198,'Zbigniew','Filoecka',50091734350,19500917,1,TRUE);
insert into pracownik (id,imie,nazwisko, pesel, data_urodzenia, dzial_id, aktywny) values (199,'Barbara','Filecka',61111156522,19611111,6,TRUE);
insert into pracownik (id,imie,nazwisko, pesel, data_urodzenia, dzial_id, aktywny) values (200,'Marek','Filecka',93022571654,19930225,9,TRUE);
insert into pracownik (id,imie,nazwisko, pesel, data_urodzenia, dzial_id, aktywny) values (201,'Robert','Filbrecka',76052134352,19760521,7,TRUE);
insert into pracownik (id,imie,nazwisko, pesel, data_urodzenia, dzial_id, aktywny) values (202,'Zbigniew','Fibiana',63052716799,19630527,4,TRUE);
insert into pracownik (id,imie,nazwisko, pesel, data_urodzenia, dzial_id, aktywny) values (203,'Robert','Fądecki',94121074278,19941210,5,TRUE);
insert into pracownik (id,imie,nazwisko, pesel, data_urodzenia, dzial_id, aktywny) values (204,'Robert','Dwernik',86031546584,19860315,9,TRUE);
insert into pracownik (id,imie,nazwisko, pesel, data_urodzenia, dzial_id, aktywny) values (205,'Robert','Dudziak',62081592457,19620815,7,TRUE);
insert into pracownik (id,imie,nazwisko, pesel, data_urodzenia, dzial_id, aktywny) values (206,'Wiktor','Drozda',95091965360,19950919,5,TRUE);
insert into pracownik (id,imie,nazwisko, pesel, data_urodzenia, dzial_id, aktywny) values (207,'Michał','Dobek',52111666737,19521116,5,TRUE);
insert into pracownik (id,imie,nazwisko, pesel, data_urodzenia, dzial_id, aktywny) values (208,'Tadeusz','Dindo',88011551100,19880115,2,TRUE);
insert into pracownik (id,imie,nazwisko, pesel, data_urodzenia, dzial_id, aktywny) values (209,'Zbigniew','Dido',72041242190,19720412,5,TRUE);
insert into pracownik (id,imie,nazwisko, pesel, data_urodzenia, dzial_id, aktywny) values (210,'Zbigniew','Dertucha',50031154116,19500311,7,TRUE);
insert into pracownik (id,imie,nazwisko, pesel, data_urodzenia, dzial_id, aktywny) values (211,'Andrzej','Derilecka',80072630766,19800726,9,TRUE);
insert into pracownik (id,imie,nazwisko, pesel, data_urodzenia, dzial_id, aktywny) values (212,'Tadeusz','Dawro',75040372988,19750403,1,TRUE);
insert into pracownik (id,imie,nazwisko, pesel, data_urodzenia, dzial_id, aktywny) values (213,'Michał','Ciupała',53121907709,19531219,2,TRUE);
insert into pracownik (id,imie,nazwisko, pesel, data_urodzenia, dzial_id, aktywny) values (214,'Rafał','Chrilecka',92050977643,19920509,3,TRUE);
insert into pracownik (id,imie,nazwisko, pesel, data_urodzenia, dzial_id, aktywny) values (215,'Tadeusz','Bryński',74122889246,19741228,8,TRUE);
insert into pracownik (id,imie,nazwisko, pesel, data_urodzenia, dzial_id, aktywny) values (216,'Robert','Brudziak',93060625103,19930606,2,TRUE);
insert into pracownik (id,imie,nazwisko, pesel, data_urodzenia, dzial_id, aktywny) values (217,'Robert','Brobek',79112267685,19791122,6,TRUE);
insert into pracownik (id,imie,nazwisko, pesel, data_urodzenia, dzial_id, aktywny) values (218,'Wiktor','Bobikowski',96071094205,19960710,9,TRUE);
insert into pracownik (id,imie,nazwisko, pesel, data_urodzenia, dzial_id, aktywny) values (219,'Tadeusz','Bobekowski',71121828413,19711218,3,TRUE);
insert into pracownik (id,imie,nazwisko, pesel, data_urodzenia, dzial_id, aktywny) values (220,'Edward','Bobek',73101423887,19731014,1,TRUE);
insert into pracownik (id,imie,nazwisko, pesel, data_urodzenia, dzial_id, aktywny) values (221,'Zbigniew','Bilecka',50111831866,19501118,2,TRUE);

insert into projekt (nazwa,rodzaj,kierownik_id,aktywny) values ('Rybnik','ZEWNETRZNY',202,1);
insert into projekt (nazwa,rodzaj,kierownik_id,aktywny) values ('Połaniec','ZEWNETRZNY',221,1);
insert into projekt (nazwa,rodzaj,kierownik_id,aktywny) values ('Opole','ZEWNETRZNY',209,1);
insert into projekt (nazwa,rodzaj,kierownik_id,aktywny) values ('StalowaWola','ZEWNETRZNY',202,1);
insert into projekt (nazwa,rodzaj,kierownik_id,aktywny) values ('Wrocław','ZEWNETRZNY',201,1);
insert into projekt (nazwa,rodzaj,kierownik_id,aktywny) values ('Bydgoszcz','ZEWNETRZNY',211,1);
insert into projekt (nazwa,rodzaj,kierownik_id,aktywny) values ('Ostrołęka','WEWNETRZNY',205,1);
insert into projekt (nazwa,rodzaj,kierownik_id,aktywny) values ('Łódź','WEWNETRZNY',207,1);
insert into projekt (nazwa,rodzaj,kierownik_id,aktywny) values ('Bełchatów','WEWNETRZNY',213,1);
insert into projekt (nazwa,rodzaj,kierownik_id,aktywny) values ('Żerań','ZEWNETRZNY',216,1);
insert into projekt (nazwa,rodzaj,kierownik_id,aktywny) values ('Głogów','ZEWNETRZNY',209,1);
insert into projekt (nazwa,rodzaj,kierownik_id,aktywny) values ('Polkowice','ZEWNETRZNY',219,1);
insert into projekt (nazwa,rodzaj,kierownik_id,aktywny) values ('Lubin','ZEWNETRZNY',211,1);
insert into projekt (nazwa,rodzaj,kierownik_id,aktywny) values ('Turów','WEWNETRZNY',201,1);
insert into projekt (nazwa,rodzaj,kierownik_id,aktywny) values ('BrzegDolny','ZEWNETRZNY',210,1);

insert into pracownik2projekt (id,pracownik_id,projekt_id,funkcja,wynagrodzenie,data_rozpoczecia_pracy,data_zakonczenia_pracy) values (1,59,14,'PL',6740,20151224,20161226);
insert into pracownik2projekt (id,pracownik_id,projekt_id,funkcja,wynagrodzenie,data_rozpoczecia_pracy,data_zakonczenia_pracy) values (2,25,12,'PL',8361,20120122,20120126);
insert into pracownik2projekt (id,pracownik_id,projekt_id,funkcja,wynagrodzenie,data_rozpoczecia_pracy,data_zakonczenia_pracy) values (3,30,14,'PL',6952,20160309,20161221);
insert into pracownik2projekt (id,pracownik_id,projekt_id,funkcja,wynagrodzenie,data_rozpoczecia_pracy,data_zakonczenia_pracy) values (4,43,12,'PL',5345,20080222,20160923);
insert into pracownik2projekt (id,pracownik_id,projekt_id,funkcja,wynagrodzenie,data_rozpoczecia_pracy,data_zakonczenia_pracy) values (5,190,1,'PL',4521,20140214,20161124);
insert into pracownik2projekt (id,pracownik_id,projekt_id,funkcja,wynagrodzenie,data_rozpoczecia_pracy,data_zakonczenia_pracy) values (6,185,8,'FCD',8751,20070222,20101128);
insert into pracownik2projekt (id,pracownik_id,projekt_id,funkcja,wynagrodzenie,data_rozpoczecia_pracy,data_zakonczenia_pracy) values (7,110,2,'TCD',6725,20070217,20121028);
insert into pracownik2projekt (id,pracownik_id,projekt_id,funkcja,wynagrodzenie,data_rozpoczecia_pracy,data_zakonczenia_pracy) values (8,111,4,'PL',5365,20120311,20150616);
insert into pracownik2projekt (id,pracownik_id,projekt_id,funkcja,wynagrodzenie,data_rozpoczecia_pracy,data_zakonczenia_pracy) values (9,3,13,'PL',4594,20080721,20121024);
insert into pracownik2projekt (id,pracownik_id,projekt_id,funkcja,wynagrodzenie,data_rozpoczecia_pracy,data_zakonczenia_pracy) values (10,43,7,'FCD',6003,20150222,20150426);
insert into pracownik2projekt (id,pracownik_id,projekt_id,funkcja,wynagrodzenie,data_rozpoczecia_pracy,data_zakonczenia_pracy) values (11,142,13,'DEV',2378,20070118,20081025);
insert into pracownik2projekt (id,pracownik_id,projekt_id,funkcja,wynagrodzenie,data_rozpoczecia_pracy,data_zakonczenia_pracy) values (12,51,2,'TCD',8801,20150307,20151110);
insert into pracownik2projekt (id,pracownik_id,projekt_id,funkcja,wynagrodzenie,data_rozpoczecia_pracy,data_zakonczenia_pracy) values (13,17,8,'TCD',8316,20111120,20111120);
insert into pracownik2projekt (id,pracownik_id,projekt_id,funkcja,wynagrodzenie,data_rozpoczecia_pracy,data_zakonczenia_pracy) values (14,47,2,'DEV',7410,20080816,20111121);
insert into pracownik2projekt (id,pracownik_id,projekt_id,funkcja,wynagrodzenie,data_rozpoczecia_pracy,data_zakonczenia_pracy) values (15,97,9,'DEV',2039,20101007,20151126);
insert into pracownik2projekt (id,pracownik_id,projekt_id,funkcja,wynagrodzenie,data_rozpoczecia_pracy,data_zakonczenia_pracy) values (16,15,4,'DEV',6391,20121216,20131223);
insert into pracownik2projekt (id,pracownik_id,projekt_id,funkcja,wynagrodzenie,data_rozpoczecia_pracy,data_zakonczenia_pracy) values (17,7,5,'FCD',1959,20120126,20131127);
insert into pracownik2projekt (id,pracownik_id,projekt_id,funkcja,wynagrodzenie,data_rozpoczecia_pracy,data_zakonczenia_pracy) values (18,170,12,'DEV',4657,20070422,20071127);
insert into pracownik2projekt (id,pracownik_id,projekt_id,funkcja,wynagrodzenie,data_rozpoczecia_pracy,data_zakonczenia_pracy) values (19,36,5,'PL',1543,20070805,20081020);
insert into pracownik2projekt (id,pracownik_id,projekt_id,funkcja,wynagrodzenie,data_rozpoczecia_pracy,data_zakonczenia_pracy) values (20,187,11,'DEV',8062,20070114,20161116);
insert into pracownik2projekt (id,pracownik_id,projekt_id,funkcja,wynagrodzenie,data_rozpoczecia_pracy,data_zakonczenia_pracy) values (21,78,15,'PL',8757,20160224,20160226);
insert into pracownik2projekt (id,pracownik_id,projekt_id,funkcja,wynagrodzenie,data_rozpoczecia_pracy,data_zakonczenia_pracy) values (22,24,1,'TCD',2907,20140616,20140919);
insert into pracownik2projekt (id,pracownik_id,projekt_id,funkcja,wynagrodzenie,data_rozpoczecia_pracy,data_zakonczenia_pracy) values (23,158,3,'TCD',6230,20160218,20160527);
insert into pracownik2projekt (id,pracownik_id,projekt_id,funkcja,wynagrodzenie,data_rozpoczecia_pracy,data_zakonczenia_pracy) values (24,15,5,'PL',4585,20150918,20150920);
insert into pracownik2projekt (id,pracownik_id,projekt_id,funkcja,wynagrodzenie,data_rozpoczecia_pracy,data_zakonczenia_pracy) values (25,129,13,'TCD',7263,20100524,20120826);
insert into pracownik2projekt (id,pracownik_id,projekt_id,funkcja,wynagrodzenie,data_rozpoczecia_pracy,data_zakonczenia_pracy) values (26,84,14,'FCD',1114,20090411,20160623);
insert into pracownik2projekt (id,pracownik_id,projekt_id,funkcja,wynagrodzenie,data_rozpoczecia_pracy,data_zakonczenia_pracy) values (27,47,7,'TCD',9130,20100706,20101007);
insert into pracownik2projekt (id,pracownik_id,projekt_id,funkcja,wynagrodzenie,data_rozpoczecia_pracy,data_zakonczenia_pracy) values (28,158,11,'DEV',5215,20161009,20161120);
insert into pracownik2projekt (id,pracownik_id,projekt_id,funkcja,wynagrodzenie,data_rozpoczecia_pracy,data_zakonczenia_pracy) values (29,198,5,'PL',1713,20140206,20160828);
insert into pracownik2projekt (id,pracownik_id,projekt_id,funkcja,wynagrodzenie,data_rozpoczecia_pracy,data_zakonczenia_pracy) values (30,147,8,'PL',7343,20110925,20121128);
insert into pracownik2projekt (id,pracownik_id,projekt_id,funkcja,wynagrodzenie,data_rozpoczecia_pracy,data_zakonczenia_pracy) values (31,170,6,'PL',5261,20070506,20160814);
insert into pracownik2projekt (id,pracownik_id,projekt_id,funkcja,wynagrodzenie,data_rozpoczecia_pracy,data_zakonczenia_pracy) values (32,158,9,'FCD',8838,20100510,20150610);
insert into pracownik2projekt (id,pracownik_id,projekt_id,funkcja,wynagrodzenie,data_rozpoczecia_pracy,data_zakonczenia_pracy) values (33,180,2,'FCD',8589,20110106,20130113);
insert into pracownik2projekt (id,pracownik_id,projekt_id,funkcja,wynagrodzenie,data_rozpoczecia_pracy,data_zakonczenia_pracy) values (34,72,11,'DEV',7392,20080613,20091013);
insert into pracownik2projekt (id,pracownik_id,projekt_id,funkcja,wynagrodzenie,data_rozpoczecia_pracy,data_zakonczenia_pracy) values (35,50,11,'DEV',2784,20120611,20130821);
insert into pracownik2projekt (id,pracownik_id,projekt_id,funkcja,wynagrodzenie,data_rozpoczecia_pracy,data_zakonczenia_pracy) values (36,23,14,'PL',8562,20080804,20151216);
insert into pracownik2projekt (id,pracownik_id,projekt_id,funkcja,wynagrodzenie,data_rozpoczecia_pracy,data_zakonczenia_pracy) values (37,34,5,'PL',2911,20150210,20160219);
insert into pracownik2projekt (id,pracownik_id,projekt_id,funkcja,wynagrodzenie,data_rozpoczecia_pracy,data_zakonczenia_pracy) values (38,103,4,'FCD',5343,20100509,20161219);
insert into pracownik2projekt (id,pracownik_id,projekt_id,funkcja,wynagrodzenie,data_rozpoczecia_pracy,data_zakonczenia_pracy) values (39,71,13,'TCD',9216,20140911,20141014);
insert into pracownik2projekt (id,pracownik_id,projekt_id,funkcja,wynagrodzenie,data_rozpoczecia_pracy,data_zakonczenia_pracy) values (40,167,12,'PL',5499,20130904,20160924);
insert into pracownik2projekt (id,pracownik_id,projekt_id,funkcja,wynagrodzenie,data_rozpoczecia_pracy,data_zakonczenia_pracy) values (41,157,4,'PL',7159,20060606,20141020);
insert into pracownik2projekt (id,pracownik_id,projekt_id,funkcja,wynagrodzenie,data_rozpoczecia_pracy,data_zakonczenia_pracy) values (42,125,13,'FCD',4393,20120206,20150728);
insert into pracownik2projekt (id,pracownik_id,projekt_id,funkcja,wynagrodzenie,data_rozpoczecia_pracy,data_zakonczenia_pracy) values (43,51,14,'PL',8377,20070408,20151222);
insert into pracownik2projekt (id,pracownik_id,projekt_id,funkcja,wynagrodzenie,data_rozpoczecia_pracy,data_zakonczenia_pracy) values (44,112,15,'FCD',9085,20110524,20120526);
insert into pracownik2projekt (id,pracownik_id,projekt_id,funkcja,wynagrodzenie,data_rozpoczecia_pracy,data_zakonczenia_pracy) values (45,109,5,'PL',5425,20080128,20100528);
insert into pracownik2projekt (id,pracownik_id,projekt_id,funkcja,wynagrodzenie,data_rozpoczecia_pracy,data_zakonczenia_pracy) values (46,16,2,'TCD',5745,20130512,20140920);
insert into pracownik2projekt (id,pracownik_id,projekt_id,funkcja,wynagrodzenie,data_rozpoczecia_pracy,data_zakonczenia_pracy) values (47,84,12,'PL',3755,20130515,20160626);
insert into pracownik2projekt (id,pracownik_id,projekt_id,funkcja,wynagrodzenie,data_rozpoczecia_pracy,data_zakonczenia_pracy) values (48,1,1,'TCD',9434,20100826,20101227);
insert into pracownik2projekt (id,pracownik_id,projekt_id,funkcja,wynagrodzenie,data_rozpoczecia_pracy,data_zakonczenia_pracy) values (49,70,1,'TCD',4619,20071101,20111115);
insert into pracownik2projekt (id,pracownik_id,projekt_id,funkcja,wynagrodzenie,data_rozpoczecia_pracy,data_zakonczenia_pracy) values (50,71,4,'PL',5688,20120615,20130918);
insert into pracownik2projekt (id,pracownik_id,projekt_id,funkcja,wynagrodzenie,data_rozpoczecia_pracy,data_zakonczenia_pracy) values (51,138,12,'FCD',1662,20081102,20141117);
insert into pracownik2projekt (id,pracownik_id,projekt_id,funkcja,wynagrodzenie,data_rozpoczecia_pracy,data_zakonczenia_pracy) values (52,173,8,'FCD',5934,20120805,20121213);
insert into pracownik2projekt (id,pracownik_id,projekt_id,funkcja,wynagrodzenie,data_rozpoczecia_pracy,data_zakonczenia_pracy) values (53,80,7,'FCD',4437,20120620,20140922);
insert into pracownik2projekt (id,pracownik_id,projekt_id,funkcja,wynagrodzenie,data_rozpoczecia_pracy,data_zakonczenia_pracy) values (54,35,14,'TCD',9875,20080810,20161223);
insert into pracownik2projekt (id,pracownik_id,projekt_id,funkcja,wynagrodzenie,data_rozpoczecia_pracy,data_zakonczenia_pracy) values (55,108,15,'DEV',3948,20130707,20160916);
insert into pracownik2projekt (id,pracownik_id,projekt_id,funkcja,wynagrodzenie,data_rozpoczecia_pracy,data_zakonczenia_pracy) values (56,194,4,'PL',4382,20100220,20100220);
insert into pracownik2projekt (id,pracownik_id,projekt_id,funkcja,wynagrodzenie,data_rozpoczecia_pracy,data_zakonczenia_pracy) values (57,99,5,'TCD',1914,20070924,20130928);
insert into pracownik2projekt (id,pracownik_id,projekt_id,funkcja,wynagrodzenie,data_rozpoczecia_pracy,data_zakonczenia_pracy) values (58,157,1,'TCD',3125,20101125,20151225);
insert into pracownik2projekt (id,pracownik_id,projekt_id,funkcja,wynagrodzenie,data_rozpoczecia_pracy,data_zakonczenia_pracy) values (59,57,14,'TCD',5176,20150807,20161019);
insert into pracownik2projekt (id,pracownik_id,projekt_id,funkcja,wynagrodzenie,data_rozpoczecia_pracy,data_zakonczenia_pracy) values (60,169,12,'DEV',4066,20100405,20120707);
insert into pracownik2projekt (id,pracownik_id,projekt_id,funkcja,wynagrodzenie,data_rozpoczecia_pracy,data_zakonczenia_pracy) values (61,104,5,'DEV',9571,20121019,20131020);
insert into pracownik2projekt (id,pracownik_id,projekt_id,funkcja,wynagrodzenie,data_rozpoczecia_pracy,data_zakonczenia_pracy) values (62,80,6,'PL',2285,20080904,20140905);
insert into pracownik2projekt (id,pracownik_id,projekt_id,funkcja,wynagrodzenie,data_rozpoczecia_pracy,data_zakonczenia_pracy) values (63,93,13,'DEV',5684,20160409,20160623);
insert into pracownik2projekt (id,pracownik_id,projekt_id,funkcja,wynagrodzenie,data_rozpoczecia_pracy,data_zakonczenia_pracy) values (64,190,9,'TCD',1953,20140303,20150610);
insert into pracownik2projekt (id,pracownik_id,projekt_id,funkcja,wynagrodzenie,data_rozpoczecia_pracy,data_zakonczenia_pracy) values (65,76,3,'FCD',2856,20161128,20161128);
insert into pracownik2projekt (id,pracownik_id,projekt_id,funkcja,wynagrodzenie,data_rozpoczecia_pracy,data_zakonczenia_pracy) values (66,182,5,'DEV',6656,20090316,20151022);
insert into pracownik2projekt (id,pracownik_id,projekt_id,funkcja,wynagrodzenie,data_rozpoczecia_pracy,data_zakonczenia_pracy) values (67,108,12,'FCD',9779,20060317,20121217);
insert into pracownik2projekt (id,pracownik_id,projekt_id,funkcja,wynagrodzenie,data_rozpoczecia_pracy,data_zakonczenia_pracy) values (68,55,9,'DEV',1438,20130121,20141126);
insert into pracownik2projekt (id,pracownik_id,projekt_id,funkcja,wynagrodzenie,data_rozpoczecia_pracy,data_zakonczenia_pracy) values (69,116,13,'FCD',9597,20070401,20100827);
insert into pracownik2projekt (id,pracownik_id,projekt_id,funkcja,wynagrodzenie,data_rozpoczecia_pracy,data_zakonczenia_pracy) values (70,109,3,'FCD',8512,20080614,20080722);
insert into pracownik2projekt (id,pracownik_id,projekt_id,funkcja,wynagrodzenie,data_rozpoczecia_pracy,data_zakonczenia_pracy) values (71,40,2,'FCD',8985,20150618,20150819);
insert into pracownik2projekt (id,pracownik_id,projekt_id,funkcja,wynagrodzenie,data_rozpoczecia_pracy,data_zakonczenia_pracy) values (72,76,12,'PL',4376,20161109,20161215);
insert into pracownik2projekt (id,pracownik_id,projekt_id,funkcja,wynagrodzenie,data_rozpoczecia_pracy,data_zakonczenia_pracy) values (73,41,11,'FCD',8509,20150916,20161025);
insert into pracownik2projekt (id,pracownik_id,projekt_id,funkcja,wynagrodzenie,data_rozpoczecia_pracy,data_zakonczenia_pracy) values (74,68,4,'FCD',2158,20060714,20121126);
insert into pracownik2projekt (id,pracownik_id,projekt_id,funkcja,wynagrodzenie,data_rozpoczecia_pracy,data_zakonczenia_pracy) values (75,7,15,'FCD',4460,20161016,20161218);
insert into pracownik2projekt (id,pracownik_id,projekt_id,funkcja,wynagrodzenie,data_rozpoczecia_pracy,data_zakonczenia_pracy) values (76,153,1,'TCD',4437,20060704,20110826);
insert into pracownik2projekt (id,pracownik_id,projekt_id,funkcja,wynagrodzenie,data_rozpoczecia_pracy,data_zakonczenia_pracy) values (77,52,12,'TCD',8659,20080902,20131217);
insert into pracownik2projekt (id,pracownik_id,projekt_id,funkcja,wynagrodzenie,data_rozpoczecia_pracy,data_zakonczenia_pracy) values (78,43,11,'DEV',8500,20081022,20091222);
insert into pracownik2projekt (id,pracownik_id,projekt_id,funkcja,wynagrodzenie,data_rozpoczecia_pracy,data_zakonczenia_pracy) values (79,32,2,'TCD',2146,20070518,20121124);
insert into pracownik2projekt (id,pracownik_id,projekt_id,funkcja,wynagrodzenie,data_rozpoczecia_pracy,data_zakonczenia_pracy) values (80,52,1,'FCD',9059,20141216,20161222);
insert into pracownik2projekt (id,pracownik_id,projekt_id,funkcja,wynagrodzenie,data_rozpoczecia_pracy,data_zakonczenia_pracy) values (81,68,10,'TCD',5523,20140628,20151028);
insert into pracownik2projekt (id,pracownik_id,projekt_id,funkcja,wynagrodzenie,data_rozpoczecia_pracy,data_zakonczenia_pracy) values (82,189,11,'PL',3606,20101002,20141212);
insert into pracownik2projekt (id,pracownik_id,projekt_id,funkcja,wynagrodzenie,data_rozpoczecia_pracy,data_zakonczenia_pracy) values (83,109,13,'TCD',5347,20120208,20161212);
insert into pracownik2projekt (id,pracownik_id,projekt_id,funkcja,wynagrodzenie,data_rozpoczecia_pracy,data_zakonczenia_pracy) values (84,173,15,'TCD',5549,20110320,20130328);
insert into pracownik2projekt (id,pracownik_id,projekt_id,funkcja,wynagrodzenie,data_rozpoczecia_pracy,data_zakonczenia_pracy) values (85,187,15,'DEV',9972,20070502,20120720);
insert into pracownik2projekt (id,pracownik_id,projekt_id,funkcja,wynagrodzenie,data_rozpoczecia_pracy,data_zakonczenia_pracy) values (86,23,3,'PL',4458,20130206,20161112);
insert into pracownik2projekt (id,pracownik_id,projekt_id,funkcja,wynagrodzenie,data_rozpoczecia_pracy,data_zakonczenia_pracy) values (87,103,8,'DEV',2962,20160414,20160418);
insert into pracownik2projekt (id,pracownik_id,projekt_id,funkcja,wynagrodzenie,data_rozpoczecia_pracy,data_zakonczenia_pracy) values (88,9,8,'FCD',7393,20151206,20151224);
insert into pracownik2projekt (id,pracownik_id,projekt_id,funkcja,wynagrodzenie,data_rozpoczecia_pracy,data_zakonczenia_pracy) values (89,198,6,'PL',6140,20140401,20140518);
insert into pracownik2projekt (id,pracownik_id,projekt_id,funkcja,wynagrodzenie,data_rozpoczecia_pracy,data_zakonczenia_pracy) values (90,174,10,'FCD',6289,20060125,20160927);
insert into pracownik2projekt (id,pracownik_id,projekt_id,funkcja,wynagrodzenie,data_rozpoczecia_pracy,data_zakonczenia_pracy) values (91,119,10,'DEV',8293,20120328,20120328);
insert into pracownik2projekt (id,pracownik_id,projekt_id,funkcja,wynagrodzenie,data_rozpoczecia_pracy,data_zakonczenia_pracy) values (92,36,10,'TCD',1650,20110116,20140524);
insert into pracownik2projekt (id,pracownik_id,projekt_id,funkcja,wynagrodzenie,data_rozpoczecia_pracy,data_zakonczenia_pracy) values (93,114,4,'TCD',5173,20090811,20120816);
insert into pracownik2projekt (id,pracownik_id,projekt_id,funkcja,wynagrodzenie,data_rozpoczecia_pracy,data_zakonczenia_pracy) values (94,73,9,'TCD',9664,20070512,20091027);
insert into pracownik2projekt (id,pracownik_id,projekt_id,funkcja,wynagrodzenie,data_rozpoczecia_pracy,data_zakonczenia_pracy) values (95,101,2,'DEV',5775,20110109,20140610);
insert into pracownik2projekt (id,pracownik_id,projekt_id,funkcja,wynagrodzenie,data_rozpoczecia_pracy,data_zakonczenia_pracy) values (96,138,1,'FCD',5494,20130103,20130723);
insert into pracownik2projekt (id,pracownik_id,projekt_id,funkcja,wynagrodzenie,data_rozpoczecia_pracy,data_zakonczenia_pracy) values (97,148,3,'PL',4607,20110606,20110707);
insert into pracownik2projekt (id,pracownik_id,projekt_id,funkcja,wynagrodzenie,data_rozpoczecia_pracy,data_zakonczenia_pracy) values (98,14,10,'DEV',9756,20110719,20161221);
insert into pracownik2projekt (id,pracownik_id,projekt_id,funkcja,wynagrodzenie,data_rozpoczecia_pracy,data_zakonczenia_pracy) values (99,199,6,'DEV',8439,20060209,20130814);
insert into pracownik2projekt (id,pracownik_id,projekt_id,funkcja,wynagrodzenie,data_rozpoczecia_pracy,data_zakonczenia_pracy) values (100,192,12,'DEV',4434,20140212,20161013);
insert into pracownik2projekt (id,pracownik_id,projekt_id,funkcja,wynagrodzenie,data_rozpoczecia_pracy,data_zakonczenia_pracy) values (101,47,2,'DEV',3192,20120407,20120425);
insert into pracownik2projekt (id,pracownik_id,projekt_id,funkcja,wynagrodzenie,data_rozpoczecia_pracy,data_zakonczenia_pracy) values (102,198,6,'TCD',6200,20160114,20161226);
insert into pracownik2projekt (id,pracownik_id,projekt_id,funkcja,wynagrodzenie,data_rozpoczecia_pracy,data_zakonczenia_pracy) values (103,199,5,'DEV',6399,20061119,20101125);
insert into pracownik2projekt (id,pracownik_id,projekt_id,funkcja,wynagrodzenie,data_rozpoczecia_pracy,data_zakonczenia_pracy) values (104,157,15,'TCD',3975,20121109,20131214);
insert into pracownik2projekt (id,pracownik_id,projekt_id,funkcja,wynagrodzenie,data_rozpoczecia_pracy,data_zakonczenia_pracy) values (105,175,14,'TCD',5921,20140612,20150914);
insert into pracownik2projekt (id,pracownik_id,projekt_id,funkcja,wynagrodzenie,data_rozpoczecia_pracy,data_zakonczenia_pracy) values (106,99,2,'DEV',2840,20140426,20140426);
insert into pracownik2projekt (id,pracownik_id,projekt_id,funkcja,wynagrodzenie,data_rozpoczecia_pracy,data_zakonczenia_pracy) values (107,69,7,'TCD',1110,20160228,20160228);
insert into pracownik2projekt (id,pracownik_id,projekt_id,funkcja,wynagrodzenie,data_rozpoczecia_pracy,data_zakonczenia_pracy) values (108,163,2,'DEV',7167,20061128,20101228);
insert into pracownik2projekt (id,pracownik_id,projekt_id,funkcja,wynagrodzenie,data_rozpoczecia_pracy,data_zakonczenia_pracy) values (109,136,7,'TCD',1481,20060205,20071111);
insert into pracownik2projekt (id,pracownik_id,projekt_id,funkcja,wynagrodzenie,data_rozpoczecia_pracy,data_zakonczenia_pracy) values (110,165,1,'FCD',7180,20091219,20111222);
insert into pracownik2projekt (id,pracownik_id,projekt_id,funkcja,wynagrodzenie,data_rozpoczecia_pracy,data_zakonczenia_pracy) values (111,57,13,'DEV',2009,20120928,20161128);
insert into pracownik2projekt (id,pracownik_id,projekt_id,funkcja,wynagrodzenie,data_rozpoczecia_pracy,data_zakonczenia_pracy) values (112,22,15,'FCD',8834,20130608,20151122);
insert into pracownik2projekt (id,pracownik_id,projekt_id,funkcja,wynagrodzenie,data_rozpoczecia_pracy,data_zakonczenia_pracy) values (113,80,15,'PL',5905,20070220,20120626);
insert into pracownik2projekt (id,pracownik_id,projekt_id,funkcja,wynagrodzenie,data_rozpoczecia_pracy,data_zakonczenia_pracy) values (114,119,15,'PL',5619,20161124,20161224);
insert into pracownik2projekt (id,pracownik_id,projekt_id,funkcja,wynagrodzenie,data_rozpoczecia_pracy,data_zakonczenia_pracy) values (115,155,12,'FCD',6398,20110424,20110426);
insert into pracownik2projekt (id,pracownik_id,projekt_id,funkcja,wynagrodzenie,data_rozpoczecia_pracy,data_zakonczenia_pracy) values (116,11,13,'PL',3829,20151026,20151228);
insert into pracownik2projekt (id,pracownik_id,projekt_id,funkcja,wynagrodzenie,data_rozpoczecia_pracy,data_zakonczenia_pracy) values (117,15,5,'FCD',9445,20110724,20140825);
insert into pracownik2projekt (id,pracownik_id,projekt_id,funkcja,wynagrodzenie,data_rozpoczecia_pracy,data_zakonczenia_pracy) values (118,156,9,'PL',4140,20151110,20151120);
insert into pracownik2projekt (id,pracownik_id,projekt_id,funkcja,wynagrodzenie,data_rozpoczecia_pracy,data_zakonczenia_pracy) values (119,55,15,'TCD',2482,20111111,20131128);
insert into pracownik2projekt (id,pracownik_id,projekt_id,funkcja,wynagrodzenie,data_rozpoczecia_pracy,data_zakonczenia_pracy) values (120,131,5,'FCD',5105,20100222,20120822);
insert into pracownik2projekt (id,pracownik_id,projekt_id,funkcja,wynagrodzenie,data_rozpoczecia_pracy,data_zakonczenia_pracy) values (121,179,3,'FCD',1018,20150506,20160912);
insert into pracownik2projekt (id,pracownik_id,projekt_id,funkcja,wynagrodzenie,data_rozpoczecia_pracy,data_zakonczenia_pracy) values (122,162,15,'FCD',7720,20120121,20140825);
insert into pracownik2projekt (id,pracownik_id,projekt_id,funkcja,wynagrodzenie,data_rozpoczecia_pracy,data_zakonczenia_pracy) values (123,123,1,'FCD',3761,20150514,20161216);
insert into pracownik2projekt (id,pracownik_id,projekt_id,funkcja,wynagrodzenie,data_rozpoczecia_pracy,data_zakonczenia_pracy) values (124,60,10,'DEV',7944,20080423,20161025);
insert into pracownik2projekt (id,pracownik_id,projekt_id,funkcja,wynagrodzenie,data_rozpoczecia_pracy,data_zakonczenia_pracy) values (125,113,15,'TCD',5865,20150624,20160924);
insert into pracownik2projekt (id,pracownik_id,projekt_id,funkcja,wynagrodzenie,data_rozpoczecia_pracy,data_zakonczenia_pracy) values (126,198,8,'DEV',9366,20120814,20130915);
insert into pracownik2projekt (id,pracownik_id,projekt_id,funkcja,wynagrodzenie,data_rozpoczecia_pracy,data_zakonczenia_pracy) values (127,130,14,'FCD',4650,20101018,20111026);
insert into pracownik2projekt (id,pracownik_id,projekt_id,funkcja,wynagrodzenie,data_rozpoczecia_pracy,data_zakonczenia_pracy) values (128,58,14,'TCD',8152,20120122,20140126);
insert into pracownik2projekt (id,pracownik_id,projekt_id,funkcja,wynagrodzenie,data_rozpoczecia_pracy,data_zakonczenia_pracy) values (129,158,14,'DEV',5149,20080521,20081128);
insert into pracownik2projekt (id,pracownik_id,projekt_id,funkcja,wynagrodzenie,data_rozpoczecia_pracy,data_zakonczenia_pracy) values (130,4,3,'FCD',4035,20150307,20161008);
insert into pracownik2projekt (id,pracownik_id,projekt_id,funkcja,wynagrodzenie,data_rozpoczecia_pracy,data_zakonczenia_pracy) values (131,150,12,'DEV',2559,20130523,20140627);
insert into pracownik2projekt (id,pracownik_id,projekt_id,funkcja,wynagrodzenie,data_rozpoczecia_pracy,data_zakonczenia_pracy) values (132,71,10,'PL',1271,20130318,20140327);
insert into pracownik2projekt (id,pracownik_id,projekt_id,funkcja,wynagrodzenie,data_rozpoczecia_pracy,data_zakonczenia_pracy) values (133,126,2,'DEV',6015,20070608,20161027);
insert into pracownik2projekt (id,pracownik_id,projekt_id,funkcja,wynagrodzenie,data_rozpoczecia_pracy,data_zakonczenia_pracy) values (134,8,8,'DEV',1084,20121108,20161126);
insert into pracownik2projekt (id,pracownik_id,projekt_id,funkcja,wynagrodzenie,data_rozpoczecia_pracy,data_zakonczenia_pracy) values (135,49,5,'TCD',9100,20161108,20161227);
insert into pracownik2projekt (id,pracownik_id,projekt_id,funkcja,wynagrodzenie,data_rozpoczecia_pracy,data_zakonczenia_pracy) values (136,122,3,'TCD',5333,20060419,20160825);
insert into pracownik2projekt (id,pracownik_id,projekt_id,funkcja,wynagrodzenie,data_rozpoczecia_pracy,data_zakonczenia_pracy) values (137,79,6,'FCD',7880,20130616,20161120);
insert into pracownik2projekt (id,pracownik_id,projekt_id,funkcja,wynagrodzenie,data_rozpoczecia_pracy,data_zakonczenia_pracy) values (138,142,5,'PL',7682,20090514,20140619);
insert into pracownik2projekt (id,pracownik_id,projekt_id,funkcja,wynagrodzenie,data_rozpoczecia_pracy,data_zakonczenia_pracy) values (139,92,6,'FCD',9508,20120725,20160828);
insert into pracownik2projekt (id,pracownik_id,projekt_id,funkcja,wynagrodzenie,data_rozpoczecia_pracy,data_zakonczenia_pracy) values (140,42,15,'PL',1023,20111117,20141120);
insert into pracownik2projekt (id,pracownik_id,projekt_id,funkcja,wynagrodzenie,data_rozpoczecia_pracy,data_zakonczenia_pracy) values (141,89,14,'FCD',7604,20140922,20141027);
insert into pracownik2projekt (id,pracownik_id,projekt_id,funkcja,wynagrodzenie,data_rozpoczecia_pracy,data_zakonczenia_pracy) values (142,175,10,'DEV',9160,20070615,20150618);
insert into pracownik2projekt (id,pracownik_id,projekt_id,funkcja,wynagrodzenie,data_rozpoczecia_pracy,data_zakonczenia_pracy) values (143,108,6,'TCD',2634,20150905,20151217);
insert into pracownik2projekt (id,pracownik_id,projekt_id,funkcja,wynagrodzenie,data_rozpoczecia_pracy,data_zakonczenia_pracy) values (144,72,1,'DEV',1111,20100213,20160315);
insert into pracownik2projekt (id,pracownik_id,projekt_id,funkcja,wynagrodzenie,data_rozpoczecia_pracy,data_zakonczenia_pracy) values (145,57,2,'FCD',2909,20080828,20121228);
insert into pracownik2projekt (id,pracownik_id,projekt_id,funkcja,wynagrodzenie,data_rozpoczecia_pracy,data_zakonczenia_pracy) values (146,73,10,'PL',9019,20091112,20111126);
insert into pracownik2projekt (id,pracownik_id,projekt_id,funkcja,wynagrodzenie,data_rozpoczecia_pracy,data_zakonczenia_pracy) values (147,110,10,'DEV',4789,20071124,20081226);
insert into pracownik2projekt (id,pracownik_id,projekt_id,funkcja,wynagrodzenie,data_rozpoczecia_pracy,data_zakonczenia_pracy) values (148,191,15,'DEV',5557,20090423,20131225);
insert into pracownik2projekt (id,pracownik_id,projekt_id,funkcja,wynagrodzenie,data_rozpoczecia_pracy,data_zakonczenia_pracy) values (149,38,15,'DEV',3911,20120321,20141226);
insert into pracownik2projekt (id,pracownik_id,projekt_id,funkcja,wynagrodzenie,data_rozpoczecia_pracy,data_zakonczenia_pracy) values (150,150,10,'DEV',7976,20130313,20130718);
insert into pracownik2projekt (id,pracownik_id,projekt_id,funkcja,wynagrodzenie,data_rozpoczecia_pracy,data_zakonczenia_pracy) values (151,36,13,'DEV',3642,20081208,20091220);
insert into pracownik2projekt (id,pracownik_id,projekt_id,funkcja,wynagrodzenie,data_rozpoczecia_pracy,data_zakonczenia_pracy) values (152,54,8,'FCD',3841,20150202,20160616);
insert into pracownik2projekt (id,pracownik_id,projekt_id,funkcja,wynagrodzenie,data_rozpoczecia_pracy,data_zakonczenia_pracy) values (153,150,5,'PL',2747,20110207,20110715);
insert into pracownik2projekt (id,pracownik_id,projekt_id,funkcja,wynagrodzenie,data_rozpoczecia_pracy,data_zakonczenia_pracy) values (154,161,2,'PL',7611,20141020,20161020);
insert into pracownik2projekt (id,pracownik_id,projekt_id,funkcja,wynagrodzenie,data_rozpoczecia_pracy,data_zakonczenia_pracy) values (155,26,1,'DEV',8775,20071007,20151114);
insert into pracownik2projekt (id,pracownik_id,projekt_id,funkcja,wynagrodzenie,data_rozpoczecia_pracy,data_zakonczenia_pracy) values (156,107,9,'PL',2433,20150614,20160627);
insert into pracownik2projekt (id,pracownik_id,projekt_id,funkcja,wynagrodzenie,data_rozpoczecia_pracy,data_zakonczenia_pracy) values (157,135,14,'FCD',1509,20081014,20141123);
insert into pracownik2projekt (id,pracownik_id,projekt_id,funkcja,wynagrodzenie,data_rozpoczecia_pracy,data_zakonczenia_pracy) values (158,109,9,'TCD',4529,20070612,20090727);
insert into pracownik2projekt (id,pracownik_id,projekt_id,funkcja,wynagrodzenie,data_rozpoczecia_pracy,data_zakonczenia_pracy) values (159,105,10,'TCD',5465,20101008,20161218);
insert into pracownik2projekt (id,pracownik_id,projekt_id,funkcja,wynagrodzenie,data_rozpoczecia_pracy,data_zakonczenia_pracy) values (160,166,6,'TCD',3004,20120508,20121026);
insert into pracownik2projekt (id,pracownik_id,projekt_id,funkcja,wynagrodzenie,data_rozpoczecia_pracy,data_zakonczenia_pracy) values (161,137,10,'TCD',1610,20140718,20151026);
insert into pracownik2projekt (id,pracownik_id,projekt_id,funkcja,wynagrodzenie,data_rozpoczecia_pracy,data_zakonczenia_pracy) values (162,142,10,'PL',4319,20090114,20140516);
insert into pracownik2projekt (id,pracownik_id,projekt_id,funkcja,wynagrodzenie,data_rozpoczecia_pracy,data_zakonczenia_pracy) values (163,103,1,'FCD',1517,20111216,20151218);
insert into pracownik2projekt (id,pracownik_id,projekt_id,funkcja,wynagrodzenie,data_rozpoczecia_pracy,data_zakonczenia_pracy) values (164,45,11,'PL',3310,20110722,20121226);
insert into pracownik2projekt (id,pracownik_id,projekt_id,funkcja,wynagrodzenie,data_rozpoczecia_pracy,data_zakonczenia_pracy) values (165,176,5,'DEV',7123,20160515,20160915);
insert into pracownik2projekt (id,pracownik_id,projekt_id,funkcja,wynagrodzenie,data_rozpoczecia_pracy,data_zakonczenia_pracy) values (166,183,9,'PL',4132,20070724,20121126);
insert into pracownik2projekt (id,pracownik_id,projekt_id,funkcja,wynagrodzenie,data_rozpoczecia_pracy,data_zakonczenia_pracy) values (167,175,1,'TCD',2055,20100819,20121024);
insert into pracownik2projekt (id,pracownik_id,projekt_id,funkcja,wynagrodzenie,data_rozpoczecia_pracy,data_zakonczenia_pracy) values (168,143,11,'FCD',1592,20141022,20151022);
insert into pracownik2projekt (id,pracownik_id,projekt_id,funkcja,wynagrodzenie,data_rozpoczecia_pracy,data_zakonczenia_pracy) values (169,139,2,'DEV',9198,20080321,20100425);
insert into pracownik2projekt (id,pracownik_id,projekt_id,funkcja,wynagrodzenie,data_rozpoczecia_pracy,data_zakonczenia_pracy) values (170,89,9,'FCD',1022,20151027,20161227);
insert into pracownik2projekt (id,pracownik_id,projekt_id,funkcja,wynagrodzenie,data_rozpoczecia_pracy,data_zakonczenia_pracy) values (171,47,7,'PL',9022,20140610,20161124);
insert into pracownik2projekt (id,pracownik_id,projekt_id,funkcja,wynagrodzenie,data_rozpoczecia_pracy,data_zakonczenia_pracy) values (172,40,8,'DEV',1049,20091011,20121016);
insert into pracownik2projekt (id,pracownik_id,projekt_id,funkcja,wynagrodzenie,data_rozpoczecia_pracy,data_zakonczenia_pracy) values (173,5,9,'PL',3467,20150704,20161224);
insert into pracownik2projekt (id,pracownik_id,projekt_id,funkcja,wynagrodzenie,data_rozpoczecia_pracy,data_zakonczenia_pracy) values (174,27,9,'DEV',2903,20121227,20161227);
insert into pracownik2projekt (id,pracownik_id,projekt_id,funkcja,wynagrodzenie,data_rozpoczecia_pracy,data_zakonczenia_pracy) values (175,179,11,'FCD',5895,20090915,20091222);
insert into pracownik2projekt (id,pracownik_id,projekt_id,funkcja,wynagrodzenie,data_rozpoczecia_pracy,data_zakonczenia_pracy) values (176,23,2,'DEV',5621,20081227,20111227);
insert into pracownik2projekt (id,pracownik_id,projekt_id,funkcja,wynagrodzenie,data_rozpoczecia_pracy,data_zakonczenia_pracy) values (177,86,15,'TCD',1086,20090705,20161117);
insert into pracownik2projekt (id,pracownik_id,projekt_id,funkcja,wynagrodzenie,data_rozpoczecia_pracy,data_zakonczenia_pracy) values (178,198,2,'PL',2558,20081208,20131220);
insert into pracownik2projekt (id,pracownik_id,projekt_id,funkcja,wynagrodzenie,data_rozpoczecia_pracy,data_zakonczenia_pracy) values (179,170,6,'TCD',9044,20140702,20161027);
insert into pracownik2projekt (id,pracownik_id,projekt_id,funkcja,wynagrodzenie,data_rozpoczecia_pracy,data_zakonczenia_pracy) values (180,42,9,'TCD',1161,20120613,20160621);
insert into pracownik2projekt (id,pracownik_id,projekt_id,funkcja,wynagrodzenie,data_rozpoczecia_pracy,data_zakonczenia_pracy) values (181,112,11,'DEV',2310,20060219,20141222);
insert into pracownik2projekt (id,pracownik_id,projekt_id,funkcja,wynagrodzenie,data_rozpoczecia_pracy,data_zakonczenia_pracy) values (182,99,8,'DEV',1297,20120406,20161118);
insert into pracownik2projekt (id,pracownik_id,projekt_id,funkcja,wynagrodzenie,data_rozpoczecia_pracy,data_zakonczenia_pracy) values (183,109,15,'TCD',4052,20120328,20121028);
insert into pracownik2projekt (id,pracownik_id,projekt_id,funkcja,wynagrodzenie,data_rozpoczecia_pracy,data_zakonczenia_pracy) values (184,194,10,'PL',3400,20140308,20150815);
insert into pracownik2projekt (id,pracownik_id,projekt_id,funkcja,wynagrodzenie,data_rozpoczecia_pracy,data_zakonczenia_pracy) values (185,160,10,'TCD',3495,20070102,20070522);
insert into pracownik2projekt (id,pracownik_id,projekt_id,funkcja,wynagrodzenie,data_rozpoczecia_pracy,data_zakonczenia_pracy) values (186,61,13,'DEV',8663,20140324,20161125);
insert into pracownik2projekt (id,pracownik_id,projekt_id,funkcja,wynagrodzenie,data_rozpoczecia_pracy,data_zakonczenia_pracy) values (187,48,7,'DEV',1982,20111210,20151215);
insert into pracownik2projekt (id,pracownik_id,projekt_id,funkcja,wynagrodzenie,data_rozpoczecia_pracy,data_zakonczenia_pracy) values (188,179,11,'TCD',4464,20071105,20121122);
insert into pracownik2projekt (id,pracownik_id,projekt_id,funkcja,wynagrodzenie,data_rozpoczecia_pracy,data_zakonczenia_pracy) values (189,148,15,'DEV',6875,20160414,20160425);
insert into pracownik2projekt (id,pracownik_id,projekt_id,funkcja,wynagrodzenie,data_rozpoczecia_pracy,data_zakonczenia_pracy) values (190,192,13,'PL',6922,20100113,20120628);
insert into pracownik2projekt (id,pracownik_id,projekt_id,funkcja,wynagrodzenie,data_rozpoczecia_pracy,data_zakonczenia_pracy) values (191,66,13,'PL',9491,20100915,20161027);
insert into pracownik2projekt (id,pracownik_id,projekt_id,funkcja,wynagrodzenie,data_rozpoczecia_pracy,data_zakonczenia_pracy) values (192,128,13,'TCD',2312,20150325,20150726);
insert into pracownik2projekt (id,pracownik_id,projekt_id,funkcja,wynagrodzenie,data_rozpoczecia_pracy,data_zakonczenia_pracy) values (193,192,13,'PL',3031,20120801,20141208);
insert into pracownik2projekt (id,pracownik_id,projekt_id,funkcja,wynagrodzenie,data_rozpoczecia_pracy,data_zakonczenia_pracy) values (194,110,7,'DEV',4355,20120921,20151128);
insert into pracownik2projekt (id,pracownik_id,projekt_id,funkcja,wynagrodzenie,data_rozpoczecia_pracy,data_zakonczenia_pracy) values (195,171,9,'PL',4430,20140727,20150728);
insert into pracownik2projekt (id,pracownik_id,projekt_id,funkcja,wynagrodzenie,data_rozpoczecia_pracy,data_zakonczenia_pracy) values (196,2,11,'FCD',7607,20121017,20161022);
insert into pracownik2projekt (id,pracownik_id,projekt_id,funkcja,wynagrodzenie,data_rozpoczecia_pracy,data_zakonczenia_pracy) values (197,192,4,'PL',6124,20061206,20061228);
insert into pracownik2projekt (id,pracownik_id,projekt_id,funkcja,wynagrodzenie,data_rozpoczecia_pracy,data_zakonczenia_pracy) values (198,43,10,'PL',2629,20060504,20160624);
insert into pracownik2projekt (id,pracownik_id,projekt_id,funkcja,wynagrodzenie,data_rozpoczecia_pracy,data_zakonczenia_pracy) values (199,129,3,'DEV',7700,20090222,20150826);
insert into pracownik2projekt (id,pracownik_id,projekt_id,funkcja,wynagrodzenie,data_rozpoczecia_pracy,data_zakonczenia_pracy) values (200,137,15,'PL',1252,20110210,20120513);
insert into pracownik2projekt (id,pracownik_id,projekt_id,funkcja,wynagrodzenie,data_rozpoczecia_pracy,data_zakonczenia_pracy) values (201,184,11,'TCD',4203,20060506,20130608);
insert into pracownik2projekt (id,pracownik_id,projekt_id,funkcja,wynagrodzenie,data_rozpoczecia_pracy,data_zakonczenia_pracy) values (202,197,2,'TCD',6388,20110206,20161215);
insert into pracownik2projekt (id,pracownik_id,projekt_id,funkcja,wynagrodzenie,data_rozpoczecia_pracy,data_zakonczenia_pracy) values (203,53,5,'FCD',3958,20090724,20130827);
insert into pracownik2projekt (id,pracownik_id,projekt_id,funkcja,wynagrodzenie,data_rozpoczecia_pracy,data_zakonczenia_pracy) values (204,31,14,'FCD',6955,20101126,20151127);
insert into pracownik2projekt (id,pracownik_id,projekt_id,funkcja,wynagrodzenie,data_rozpoczecia_pracy,data_zakonczenia_pracy) values (205,2,10,'TCD',4701,20140808,20160927);
insert into pracownik2projekt (id,pracownik_id,projekt_id,funkcja,wynagrodzenie,data_rozpoczecia_pracy,data_zakonczenia_pracy) values (206,6,8,'PL',6745,20161212,20161224);
insert into pracownik2projekt (id,pracownik_id,projekt_id,funkcja,wynagrodzenie,data_rozpoczecia_pracy,data_zakonczenia_pracy) values (207,86,15,'DEV',3490,20160224,20160328);
insert into pracownik2projekt (id,pracownik_id,projekt_id,funkcja,wynagrodzenie,data_rozpoczecia_pracy,data_zakonczenia_pracy) values (208,160,5,'FCD',9930,20120202,20121121);
insert into pracownik2projekt (id,pracownik_id,projekt_id,funkcja,wynagrodzenie,data_rozpoczecia_pracy,data_zakonczenia_pracy) values (209,149,9,'TCD',9879,20121217,20131219);
insert into pracownik2projekt (id,pracownik_id,projekt_id,funkcja,wynagrodzenie,data_rozpoczecia_pracy,data_zakonczenia_pracy) values (210,149,6,'PL',3458,20120407,20131117);
insert into pracownik2projekt (id,pracownik_id,projekt_id,funkcja,wynagrodzenie,data_rozpoczecia_pracy,data_zakonczenia_pracy) values (211,179,5,'DEV',6061,20081027,20091227);
insert into pracownik2projekt (id,pracownik_id,projekt_id,funkcja,wynagrodzenie,data_rozpoczecia_pracy,data_zakonczenia_pracy) values (212,33,4,'TCD',4797,20110924,20121025);
insert into pracownik2projekt (id,pracownik_id,projekt_id,funkcja,wynagrodzenie,data_rozpoczecia_pracy,data_zakonczenia_pracy) values (213,172,15,'DEV',4450,20141111,20151120);
insert into pracownik2projekt (id,pracownik_id,projekt_id,funkcja,wynagrodzenie,data_rozpoczecia_pracy,data_zakonczenia_pracy) values (214,33,9,'DEV',9984,20091221,20121226);
insert into pracownik2projekt (id,pracownik_id,projekt_id,funkcja,wynagrodzenie,data_rozpoczecia_pracy,data_zakonczenia_pracy) values (215,40,10,'TCD',9546,20110524,20161027);
insert into pracownik2projekt (id,pracownik_id,projekt_id,funkcja,wynagrodzenie,data_rozpoczecia_pracy,data_zakonczenia_pracy) values (216,74,11,'TCD',5063,20130714,20160727);
insert into pracownik2projekt (id,pracownik_id,projekt_id,funkcja,wynagrodzenie,data_rozpoczecia_pracy,data_zakonczenia_pracy) values (217,15,3,'FCD',6783,20151002,20151003);
insert into pracownik2projekt (id,pracownik_id,projekt_id,funkcja,wynagrodzenie,data_rozpoczecia_pracy,data_zakonczenia_pracy) values (218,15,12,'TCD',6854,20150314,20161014);
insert into pracownik2projekt (id,pracownik_id,projekt_id,funkcja,wynagrodzenie,data_rozpoczecia_pracy,data_zakonczenia_pracy) values (219,74,10,'DEV',5063,20140706,20150816);
insert into pracownik2projekt (id,pracownik_id,projekt_id,funkcja,wynagrodzenie,data_rozpoczecia_pracy,data_zakonczenia_pracy) values (220,162,1,'TCD',9758,20060422,20060525);
insert into pracownik2projekt (id,pracownik_id,projekt_id,funkcja,wynagrodzenie,data_rozpoczecia_pracy,data_zakonczenia_pracy) values (221,191,5,'TCD',8753,20131103,20141108);
insert into pracownik2projekt (id,pracownik_id,projekt_id,funkcja,wynagrodzenie,data_rozpoczecia_pracy,data_zakonczenia_pracy) values (222,157,15,'FCD',2942,20080110,20110318);
insert into pracownik2projekt (id,pracownik_id,projekt_id,funkcja,wynagrodzenie,data_rozpoczecia_pracy,data_zakonczenia_pracy) values (223,67,3,'FCD',8832,20080606,20130623);
insert into pracownik2projekt (id,pracownik_id,projekt_id,funkcja,wynagrodzenie,data_rozpoczecia_pracy,data_zakonczenia_pracy) values (224,103,3,'FCD',5166,20070524,20161225);
insert into pracownik2projekt (id,pracownik_id,projekt_id,funkcja,wynagrodzenie,data_rozpoczecia_pracy,data_zakonczenia_pracy) values (225,129,3,'PL',2199,20061227,20101227);
insert into pracownik2projekt (id,pracownik_id,projekt_id,funkcja,wynagrodzenie,data_rozpoczecia_pracy,data_zakonczenia_pracy) values (226,27,13,'PL',3734,20090822,20160828);
insert into pracownik2projekt (id,pracownik_id,projekt_id,funkcja,wynagrodzenie,data_rozpoczecia_pracy,data_zakonczenia_pracy) values (227,94,2,'DEV',8870,20160126,20160727);
insert into pracownik2projekt (id,pracownik_id,projekt_id,funkcja,wynagrodzenie,data_rozpoczecia_pracy,data_zakonczenia_pracy) values (228,12,10,'FCD',1980,20150217,20161227);
insert into pracownik2projekt (id,pracownik_id,projekt_id,funkcja,wynagrodzenie,data_rozpoczecia_pracy,data_zakonczenia_pracy) values (229,78,7,'DEV',6552,20151027,20161128);
insert into pracownik2projekt (id,pracownik_id,projekt_id,funkcja,wynagrodzenie,data_rozpoczecia_pracy,data_zakonczenia_pracy) values (230,80,4,'FCD',6810,20090128,20160528);
insert into pracownik2projekt (id,pracownik_id,projekt_id,funkcja,wynagrodzenie,data_rozpoczecia_pracy,data_zakonczenia_pracy) values (231,36,5,'PL',4717,20140820,20150821);
insert into pracownik2projekt (id,pracownik_id,projekt_id,funkcja,wynagrodzenie,data_rozpoczecia_pracy,data_zakonczenia_pracy) values (232,38,4,'FCD',7350,20160212,20160628);
insert into pracownik2projekt (id,pracownik_id,projekt_id,funkcja,wynagrodzenie,data_rozpoczecia_pracy,data_zakonczenia_pracy) values (233,199,15,'PL',5767,20130412,20140517);
insert into pracownik2projekt (id,pracownik_id,projekt_id,funkcja,wynagrodzenie,data_rozpoczecia_pracy,data_zakonczenia_pracy) values (234,86,4,'TCD',6195,20150301,20150808);
insert into pracownik2projekt (id,pracownik_id,projekt_id,funkcja,wynagrodzenie,data_rozpoczecia_pracy,data_zakonczenia_pracy) values (235,197,7,'FCD',8160,20160618,20161120);
insert into pracownik2projekt (id,pracownik_id,projekt_id,funkcja,wynagrodzenie,data_rozpoczecia_pracy,data_zakonczenia_pracy) values (236,165,1,'TCD',8733,20080324,20091025);
insert into pracownik2projekt (id,pracownik_id,projekt_id,funkcja,wynagrodzenie,data_rozpoczecia_pracy,data_zakonczenia_pracy) values (237,99,11,'DEV',3848,20160703,20160912);
insert into pracownik2projekt (id,pracownik_id,projekt_id,funkcja,wynagrodzenie,data_rozpoczecia_pracy,data_zakonczenia_pracy) values (238,30,8,'DEV',6458,20121005,20161225);
insert into pracownik2projekt (id,pracownik_id,projekt_id,funkcja,wynagrodzenie,data_rozpoczecia_pracy,data_zakonczenia_pracy) values (239,110,7,'PL',5297,20161027,20161128);
insert into pracownik2projekt (id,pracownik_id,projekt_id,funkcja,wynagrodzenie,data_rozpoczecia_pracy,data_zakonczenia_pracy) values (240,147,10,'DEV',9602,20130304,20150507);
insert into pracownik2projekt (id,pracownik_id,projekt_id,funkcja,wynagrodzenie,data_rozpoczecia_pracy,data_zakonczenia_pracy) values (241,180,13,'TCD',2604,20151212,20151228);
insert into pracownik2projekt (id,pracownik_id,projekt_id,funkcja,wynagrodzenie,data_rozpoczecia_pracy,data_zakonczenia_pracy) values (242,191,1,'PL',3231,20130805,20151105);
insert into pracownik2projekt (id,pracownik_id,projekt_id,funkcja,wynagrodzenie,data_rozpoczecia_pracy,data_zakonczenia_pracy) values (243,185,2,'FCD',4398,20130320,20160420);
insert into pracownik2projekt (id,pracownik_id,projekt_id,funkcja,wynagrodzenie,data_rozpoczecia_pracy,data_zakonczenia_pracy) values (244,13,14,'TCD',5547,20061220,20061221);
insert into pracownik2projekt (id,pracownik_id,projekt_id,funkcja,wynagrodzenie,data_rozpoczecia_pracy,data_zakonczenia_pracy) values (245,171,11,'DEV',5046,20100127,20110327);
insert into pracownik2projekt (id,pracownik_id,projekt_id,funkcja,wynagrodzenie,data_rozpoczecia_pracy,data_zakonczenia_pracy) values (246,60,1,'FCD',5718,20060314,20150617);
insert into pracownik2projekt (id,pracownik_id,projekt_id,funkcja,wynagrodzenie,data_rozpoczecia_pracy,data_zakonczenia_pracy) values (247,143,2,'DEV',6086,20070508,20100810);
insert into pracownik2projekt (id,pracownik_id,projekt_id,funkcja,wynagrodzenie,data_rozpoczecia_pracy,data_zakonczenia_pracy) values (248,128,12,'DEV',9045,20100301,20140808);
insert into pracownik2projekt (id,pracownik_id,projekt_id,funkcja,wynagrodzenie,data_rozpoczecia_pracy,data_zakonczenia_pracy) values (249,28,10,'PL',2586,20100515,20130624);
insert into pracownik2projekt (id,pracownik_id,projekt_id,funkcja,wynagrodzenie,data_rozpoczecia_pracy,data_zakonczenia_pracy) values (250,94,3,'DEV',1211,20160110,20161210);
insert into pracownik2projekt (id,pracownik_id,projekt_id,funkcja,wynagrodzenie,data_rozpoczecia_pracy,data_zakonczenia_pracy) values (251,55,13,'FCD',3176,20150901,20151216);
insert into pracownik2projekt (id,pracownik_id,projekt_id,funkcja,wynagrodzenie,data_rozpoczecia_pracy,data_zakonczenia_pracy) values (252,123,10,'TCD',9635,20160619,20161121);
insert into pracownik2projekt (id,pracownik_id,projekt_id,funkcja,wynagrodzenie,data_rozpoczecia_pracy,data_zakonczenia_pracy) values (253,67,12,'FCD',5087,20120519,20140527);
insert into pracownik2projekt (id,pracownik_id,projekt_id,funkcja,wynagrodzenie,data_rozpoczecia_pracy,data_zakonczenia_pracy) values (254,164,12,'FCD',5208,20081120,20121126);
insert into pracownik2projekt (id,pracownik_id,projekt_id,funkcja,wynagrodzenie,data_rozpoczecia_pracy,data_zakonczenia_pracy) values (255,148,5,'PL',2395,20150727,20160928);
insert into pracownik2projekt (id,pracownik_id,projekt_id,funkcja,wynagrodzenie,data_rozpoczecia_pracy,data_zakonczenia_pracy) values (256,199,5,'FCD',7683,20111023,20151025);
insert into pracownik2projekt (id,pracownik_id,projekt_id,funkcja,wynagrodzenie,data_rozpoczecia_pracy,data_zakonczenia_pracy) values (257,126,7,'FCD',7494,20070504,20090919);
insert into pracownik2projekt (id,pracownik_id,projekt_id,funkcja,wynagrodzenie,data_rozpoczecia_pracy,data_zakonczenia_pracy) values (258,48,6,'DEV',7577,20100804,20100809);
insert into pracownik2projekt (id,pracownik_id,projekt_id,funkcja,wynagrodzenie,data_rozpoczecia_pracy,data_zakonczenia_pracy) values (259,150,5,'PL',9155,20060704,20090709);
insert into pracownik2projekt (id,pracownik_id,projekt_id,funkcja,wynagrodzenie,data_rozpoczecia_pracy,data_zakonczenia_pracy) values (260,192,6,'DEV',4223,20090122,20111025);
insert into pracownik2projekt (id,pracownik_id,projekt_id,funkcja,wynagrodzenie,data_rozpoczecia_pracy,data_zakonczenia_pracy) values (261,34,4,'DEV',5842,20120322,20130322);
insert into pracownik2projekt (id,pracownik_id,projekt_id,funkcja,wynagrodzenie,data_rozpoczecia_pracy,data_zakonczenia_pracy) values (262,13,10,'TCD',5562,20090127,20090528);
insert into pracownik2projekt (id,pracownik_id,projekt_id,funkcja,wynagrodzenie,data_rozpoczecia_pracy,data_zakonczenia_pracy) values (263,144,11,'FCD',4526,20071127,20121127);
insert into pracownik2projekt (id,pracownik_id,projekt_id,funkcja,wynagrodzenie,data_rozpoczecia_pracy,data_zakonczenia_pracy) values (264,133,2,'TCD',1641,20060908,20141226);
insert into pracownik2projekt (id,pracownik_id,projekt_id,funkcja,wynagrodzenie,data_rozpoczecia_pracy,data_zakonczenia_pracy) values (265,177,9,'FCD',4555,20150817,20150822);
insert into pracownik2projekt (id,pracownik_id,projekt_id,funkcja,wynagrodzenie,data_rozpoczecia_pracy,data_zakonczenia_pracy) values (266,34,2,'TCD',5325,20080622,20151022);
insert into pracownik2projekt (id,pracownik_id,projekt_id,funkcja,wynagrodzenie,data_rozpoczecia_pracy,data_zakonczenia_pracy) values (267,155,14,'TCD',7907,20110124,20140124);
insert into pracownik2projekt (id,pracownik_id,projekt_id,funkcja,wynagrodzenie,data_rozpoczecia_pracy,data_zakonczenia_pracy) values (268,14,5,'FCD',4876,20110407,20111023);
insert into pracownik2projekt (id,pracownik_id,projekt_id,funkcja,wynagrodzenie,data_rozpoczecia_pracy,data_zakonczenia_pracy) values (269,7,2,'DEV',4923,20150717,20160823);
insert into pracownik2projekt (id,pracownik_id,projekt_id,funkcja,wynagrodzenie,data_rozpoczecia_pracy,data_zakonczenia_pracy) values (270,179,5,'PL',1772,20090402,20120817);
insert into pracownik2projekt (id,pracownik_id,projekt_id,funkcja,wynagrodzenie,data_rozpoczecia_pracy,data_zakonczenia_pracy) values (271,6,1,'PL',2839,20130324,20160624);
insert into pracownik2projekt (id,pracownik_id,projekt_id,funkcja,wynagrodzenie,data_rozpoczecia_pracy,data_zakonczenia_pracy) values (272,169,3,'DEV',3432,20090128,20150128);
insert into pracownik2projekt (id,pracownik_id,projekt_id,funkcja,wynagrodzenie,data_rozpoczecia_pracy,data_zakonczenia_pracy) values (273,11,10,'TCD',2821,20060223,20141227);
insert into pracownik2projekt (id,pracownik_id,projekt_id,funkcja,wynagrodzenie,data_rozpoczecia_pracy,data_zakonczenia_pracy) values (274,110,6,'FCD',9980,20090626,20111226);
insert into pracownik2projekt (id,pracownik_id,projekt_id,funkcja,wynagrodzenie,data_rozpoczecia_pracy,data_zakonczenia_pracy) values (275,104,13,'PL',3263,20131026,20161227);
insert into pracownik2projekt (id,pracownik_id,projekt_id,funkcja,wynagrodzenie,data_rozpoczecia_pracy,data_zakonczenia_pracy) values (276,176,5,'PL',1718,20090927,20101127);
insert into pracownik2projekt (id,pracownik_id,projekt_id,funkcja,wynagrodzenie,data_rozpoczecia_pracy,data_zakonczenia_pracy) values (277,24,5,'DEV',5592,20100419,20160526);
insert into pracownik2projekt (id,pracownik_id,projekt_id,funkcja,wynagrodzenie,data_rozpoczecia_pracy,data_zakonczenia_pracy) values (278,194,1,'FCD',9641,20080713,20120814);
insert into pracownik2projekt (id,pracownik_id,projekt_id,funkcja,wynagrodzenie,data_rozpoczecia_pracy,data_zakonczenia_pracy) values (279,166,15,'FCD',3803,20101218,20161227);
insert into pracownik2projekt (id,pracownik_id,projekt_id,funkcja,wynagrodzenie,data_rozpoczecia_pracy,data_zakonczenia_pracy) values (280,160,15,'DEV',8529,20061023,20071228);
insert into pracownik2projekt (id,pracownik_id,projekt_id,funkcja,wynagrodzenie,data_rozpoczecia_pracy,data_zakonczenia_pracy) values (281,174,7,'PL',7908,20060201,20160207);
insert into pracownik2projekt (id,pracownik_id,projekt_id,funkcja,wynagrodzenie,data_rozpoczecia_pracy,data_zakonczenia_pracy) values (282,168,10,'FCD',3713,20060102,20060712);
insert into pracownik2projekt (id,pracownik_id,projekt_id,funkcja,wynagrodzenie,data_rozpoczecia_pracy,data_zakonczenia_pracy) values (283,166,8,'DEV',3394,20130609,20150618);
insert into pracownik2projekt (id,pracownik_id,projekt_id,funkcja,wynagrodzenie,data_rozpoczecia_pracy,data_zakonczenia_pracy) values (284,6,2,'DEV',6536,20101021,20101126);
insert into pracownik2projekt (id,pracownik_id,projekt_id,funkcja,wynagrodzenie,data_rozpoczecia_pracy,data_zakonczenia_pracy) values (285,104,3,'DEV',1706,20121021,20131021);
insert into pracownik2projekt (id,pracownik_id,projekt_id,funkcja,wynagrodzenie,data_rozpoczecia_pracy,data_zakonczenia_pracy) values (286,171,2,'TCD',2842,20120419,20130622);
insert into pracownik2projekt (id,pracownik_id,projekt_id,funkcja,wynagrodzenie,data_rozpoczecia_pracy,data_zakonczenia_pracy) values (287,134,15,'DEV',9644,20061010,20101015);
insert into pracownik2projekt (id,pracownik_id,projekt_id,funkcja,wynagrodzenie,data_rozpoczecia_pracy,data_zakonczenia_pracy) values (288,120,12,'DEV',8233,20090706,20121121);
insert into pracownik2projekt (id,pracownik_id,projekt_id,funkcja,wynagrodzenie,data_rozpoczecia_pracy,data_zakonczenia_pracy) values (289,108,8,'PL',5721,20120622,20140622);
insert into pracownik2projekt (id,pracownik_id,projekt_id,funkcja,wynagrodzenie,data_rozpoczecia_pracy,data_zakonczenia_pracy) values (290,83,3,'FCD',9434,20101113,20151220);
insert into pracownik2projekt (id,pracownik_id,projekt_id,funkcja,wynagrodzenie,data_rozpoczecia_pracy,data_zakonczenia_pracy) values (291,144,2,'TCD',8710,20110509,20160713);
insert into pracownik2projekt (id,pracownik_id,projekt_id,funkcja,wynagrodzenie,data_rozpoczecia_pracy,data_zakonczenia_pracy) values (292,25,15,'DEV',9456,20101108,20151114);
insert into pracownik2projekt (id,pracownik_id,projekt_id,funkcja,wynagrodzenie,data_rozpoczecia_pracy,data_zakonczenia_pracy) values (293,67,15,'FCD',4441,20080409,20120726);
insert into pracownik2projekt (id,pracownik_id,projekt_id,funkcja,wynagrodzenie,data_rozpoczecia_pracy,data_zakonczenia_pracy) values (294,54,10,'DEV',8193,20080713,20091121);
insert into pracownik2projekt (id,pracownik_id,projekt_id,funkcja,wynagrodzenie,data_rozpoczecia_pracy,data_zakonczenia_pracy) values (295,197,3,'TCD',8357,20100314,20141222);
insert into pracownik2projekt (id,pracownik_id,projekt_id,funkcja,wynagrodzenie,data_rozpoczecia_pracy,data_zakonczenia_pracy) values (296,41,1,'DEV',7764,20061109,20091124);
insert into pracownik2projekt (id,pracownik_id,projekt_id,funkcja,wynagrodzenie,data_rozpoczecia_pracy,data_zakonczenia_pracy) values (297,106,2,'DEV',5314,20070613,20141023);
insert into pracownik2projekt (id,pracownik_id,projekt_id,funkcja,wynagrodzenie,data_rozpoczecia_pracy,data_zakonczenia_pracy) values (298,135,3,'FCD',4510,20101201,20121211);
insert into pracownik2projekt (id,pracownik_id,projekt_id,funkcja,wynagrodzenie,data_rozpoczecia_pracy,data_zakonczenia_pracy) values (299,14,9,'PL',8443,20110428,20131228);
insert into pracownik2projekt (id,pracownik_id,projekt_id,funkcja,wynagrodzenie,data_rozpoczecia_pracy,data_zakonczenia_pracy) values (300,90,1,'FCD',2616,20160424,20161027);
insert into pracownik2projekt (id,pracownik_id,projekt_id,funkcja,wynagrodzenie,data_rozpoczecia_pracy,data_zakonczenia_pracy) values (301,115,1,'FCD',6774,20161118,20161219);
insert into pracownik2projekt (id,pracownik_id,projekt_id,funkcja,wynagrodzenie,data_rozpoczecia_pracy,data_zakonczenia_pracy) values (302,139,5,'FCD',7400,20100717,20101021);
insert into pracownik2projekt (id,pracownik_id,projekt_id,funkcja,wynagrodzenie,data_rozpoczecia_pracy,data_zakonczenia_pracy) values (303,3,10,'DEV',2427,20131010,20141119);
insert into pracownik2projekt (id,pracownik_id,projekt_id,funkcja,wynagrodzenie,data_rozpoczecia_pracy,data_zakonczenia_pracy) values (304,178,2,'PL',9221,20130823,20150924);
insert into pracownik2projekt (id,pracownik_id,projekt_id,funkcja,wynagrodzenie,data_rozpoczecia_pracy,data_zakonczenia_pracy) values (305,182,4,'PL',7180,20111201,20151223);
insert into pracownik2projekt (id,pracownik_id,projekt_id,funkcja,wynagrodzenie,data_rozpoczecia_pracy,data_zakonczenia_pracy) values (306,83,6,'PL',5189,20110704,20110919);
insert into pracownik2projekt (id,pracownik_id,projekt_id,funkcja,wynagrodzenie,data_rozpoczecia_pracy,data_zakonczenia_pracy) values (307,67,10,'FCD',6651,20080519,20120920);
insert into pracownik2projekt (id,pracownik_id,projekt_id,funkcja,wynagrodzenie,data_rozpoczecia_pracy,data_zakonczenia_pracy) values (308,154,9,'DEV',1533,20071111,20071214);
insert into pracownik2projekt (id,pracownik_id,projekt_id,funkcja,wynagrodzenie,data_rozpoczecia_pracy,data_zakonczenia_pracy) values (309,139,6,'PL',9954,20120823,20131028);
insert into pracownik2projekt (id,pracownik_id,projekt_id,funkcja,wynagrodzenie,data_rozpoczecia_pracy,data_zakonczenia_pracy) values (310,183,4,'FCD',7672,20130802,20150913);
insert into pracownik2projekt (id,pracownik_id,projekt_id,funkcja,wynagrodzenie,data_rozpoczecia_pracy,data_zakonczenia_pracy) values (311,48,12,'DEV',4559,20090209,20100910);
insert into pracownik2projekt (id,pracownik_id,projekt_id,funkcja,wynagrodzenie,data_rozpoczecia_pracy,data_zakonczenia_pracy) values (312,25,10,'DEV',2040,20120323,20120928);
insert into pracownik2projekt (id,pracownik_id,projekt_id,funkcja,wynagrodzenie,data_rozpoczecia_pracy,data_zakonczenia_pracy) values (313,24,5,'TCD',6085,20101009,20141109);
insert into pracownik2projekt (id,pracownik_id,projekt_id,funkcja,wynagrodzenie,data_rozpoczecia_pracy,data_zakonczenia_pracy) values (314,112,9,'FCD',5111,20150307,20160717);
insert into pracownik2projekt (id,pracownik_id,projekt_id,funkcja,wynagrodzenie,data_rozpoczecia_pracy,data_zakonczenia_pracy) values (315,173,1,'PL',2925,20060107,20100327);
insert into pracownik2projekt (id,pracownik_id,projekt_id,funkcja,wynagrodzenie,data_rozpoczecia_pracy,data_zakonczenia_pracy) values (316,133,6,'DEV',8748,20071217,20141228);
insert into pracownik2projekt (id,pracownik_id,projekt_id,funkcja,wynagrodzenie,data_rozpoczecia_pracy,data_zakonczenia_pracy) values (317,26,9,'PL',8655,20160115,20160415);
insert into pracownik2projekt (id,pracownik_id,projekt_id,funkcja,wynagrodzenie,data_rozpoczecia_pracy,data_zakonczenia_pracy) values (318,153,7,'FCD',9700,20090723,20150727);
insert into pracownik2projekt (id,pracownik_id,projekt_id,funkcja,wynagrodzenie,data_rozpoczecia_pracy,data_zakonczenia_pracy) values (319,175,4,'TCD',8045,20110508,20130621);
insert into pracownik2projekt (id,pracownik_id,projekt_id,funkcja,wynagrodzenie,data_rozpoczecia_pracy,data_zakonczenia_pracy) values (320,20,8,'FCD',6727,20060628,20151028);
insert into pracownik2projekt (id,pracownik_id,projekt_id,funkcja,wynagrodzenie,data_rozpoczecia_pracy,data_zakonczenia_pracy) values (321,68,9,'DEV',4731,20120508,20161123);
insert into pracownik2projekt (id,pracownik_id,projekt_id,funkcja,wynagrodzenie,data_rozpoczecia_pracy,data_zakonczenia_pracy) values (322,55,12,'PL',8429,20151007,20161012);
insert into pracownik2projekt (id,pracownik_id,projekt_id,funkcja,wynagrodzenie,data_rozpoczecia_pracy,data_zakonczenia_pracy) values (323,144,9,'FCD',8785,20071220,20131227);
insert into pracownik2projekt (id,pracownik_id,projekt_id,funkcja,wynagrodzenie,data_rozpoczecia_pracy,data_zakonczenia_pracy) values (324,169,12,'TCD',7517,20080728,20101128);
insert into pracownik2projekt (id,pracownik_id,projekt_id,funkcja,wynagrodzenie,data_rozpoczecia_pracy,data_zakonczenia_pracy) values (325,102,13,'PL',5912,20120312,20141226);
insert into pracownik2projekt (id,pracownik_id,projekt_id,funkcja,wynagrodzenie,data_rozpoczecia_pracy,data_zakonczenia_pracy) values (326,25,12,'PL',3315,20160726,20161228);
insert into pracownik2projekt (id,pracownik_id,projekt_id,funkcja,wynagrodzenie,data_rozpoczecia_pracy,data_zakonczenia_pracy) values (327,72,3,'DEV',2936,20120924,20150927);
insert into pracownik2projekt (id,pracownik_id,projekt_id,funkcja,wynagrodzenie,data_rozpoczecia_pracy,data_zakonczenia_pracy) values (328,46,9,'PL',5090,20120211,20151119);
insert into pracownik2projekt (id,pracownik_id,projekt_id,funkcja,wynagrodzenie,data_rozpoczecia_pracy,data_zakonczenia_pracy) values (329,60,8,'DEV',4737,20060811,20120923);
insert into pracownik2projekt (id,pracownik_id,projekt_id,funkcja,wynagrodzenie,data_rozpoczecia_pracy,data_zakonczenia_pracy) values (330,166,8,'FCD',1845,20061019,20061123);
insert into pracownik2projekt (id,pracownik_id,projekt_id,funkcja,wynagrodzenie,data_rozpoczecia_pracy,data_zakonczenia_pracy) values (331,39,5,'PL',2654,20070613,20161118);
insert into pracownik2projekt (id,pracownik_id,projekt_id,funkcja,wynagrodzenie,data_rozpoczecia_pracy,data_zakonczenia_pracy) values (332,150,1,'FCD',9233,20100826,20121128);
insert into pracownik2projekt (id,pracownik_id,projekt_id,funkcja,wynagrodzenie,data_rozpoczecia_pracy,data_zakonczenia_pracy) values (333,3,6,'FCD',4798,20060423,20160724);
insert into pracownik2projekt (id,pracownik_id,projekt_id,funkcja,wynagrodzenie,data_rozpoczecia_pracy,data_zakonczenia_pracy) values (334,91,4,'FCD',7646,20090519,20130625);
insert into pracownik2projekt (id,pracownik_id,projekt_id,funkcja,wynagrodzenie,data_rozpoczecia_pracy,data_zakonczenia_pracy) values (335,25,7,'DEV',3289,20151213,20151227);
insert into pracownik2projekt (id,pracownik_id,projekt_id,funkcja,wynagrodzenie,data_rozpoczecia_pracy,data_zakonczenia_pracy) values (336,170,3,'PL',2777,20100524,20160824);
insert into pracownik2projekt (id,pracownik_id,projekt_id,funkcja,wynagrodzenie,data_rozpoczecia_pracy,data_zakonczenia_pracy) values (337,97,11,'TCD',2738,20160404,20160928);
insert into pracownik2projekt (id,pracownik_id,projekt_id,funkcja,wynagrodzenie,data_rozpoczecia_pracy,data_zakonczenia_pracy) values (338,99,5,'DEV',7089,20101225,20161228);
insert into pracownik2projekt (id,pracownik_id,projekt_id,funkcja,wynagrodzenie,data_rozpoczecia_pracy,data_zakonczenia_pracy) values (339,101,3,'PL',6571,20110118,20140622);
insert into pracownik2projekt (id,pracownik_id,projekt_id,funkcja,wynagrodzenie,data_rozpoczecia_pracy,data_zakonczenia_pracy) values (340,3,12,'PL',8445,20110208,20130920);
insert into pracownik2projekt (id,pracownik_id,projekt_id,funkcja,wynagrodzenie,data_rozpoczecia_pracy,data_zakonczenia_pracy) values (341,137,3,'FCD',7813,20110813,20130928);
insert into pracownik2projekt (id,pracownik_id,projekt_id,funkcja,wynagrodzenie,data_rozpoczecia_pracy,data_zakonczenia_pracy) values (342,119,10,'TCD',4389,20090714,20111126);
insert into pracownik2projekt (id,pracownik_id,projekt_id,funkcja,wynagrodzenie,data_rozpoczecia_pracy,data_zakonczenia_pracy) values (343,75,9,'DEV',8833,20081106,20121209);
insert into pracownik2projekt (id,pracownik_id,projekt_id,funkcja,wynagrodzenie,data_rozpoczecia_pracy,data_zakonczenia_pracy) values (344,196,12,'PL',8799,20120611,20150724);
insert into pracownik2projekt (id,pracownik_id,projekt_id,funkcja,wynagrodzenie,data_rozpoczecia_pracy,data_zakonczenia_pracy) values (345,40,14,'DEV',6546,20120218,20131228);
insert into pracownik2projekt (id,pracownik_id,projekt_id,funkcja,wynagrodzenie,data_rozpoczecia_pracy,data_zakonczenia_pracy) values (346,80,7,'PL',6102,20140519,20150622);
insert into pracownik2projekt (id,pracownik_id,projekt_id,funkcja,wynagrodzenie,data_rozpoczecia_pracy,data_zakonczenia_pracy) values (347,50,4,'DEV',9414,20151114,20151117);
insert into pracownik2projekt (id,pracownik_id,projekt_id,funkcja,wynagrodzenie,data_rozpoczecia_pracy,data_zakonczenia_pracy) values (348,112,15,'TCD',7908,20160228,20160228);
insert into pracownik2projekt (id,pracownik_id,projekt_id,funkcja,wynagrodzenie,data_rozpoczecia_pracy,data_zakonczenia_pracy) values (349,37,1,'FCD',1347,20161208,20161219);
insert into pracownik2projekt (id,pracownik_id,projekt_id,funkcja,wynagrodzenie,data_rozpoczecia_pracy,data_zakonczenia_pracy) values (350,5,8,'DEV',4089,20100512,20161217);
insert into pracownik2projekt (id,pracownik_id,projekt_id,funkcja,wynagrodzenie,data_rozpoczecia_pracy,data_zakonczenia_pracy) values (351,86,1,'DEV',9424,20060226,20080628);
insert into pracownik2projekt (id,pracownik_id,projekt_id,funkcja,wynagrodzenie,data_rozpoczecia_pracy,data_zakonczenia_pracy) values (352,93,2,'PL',6642,20150907,20150917);
insert into pracownik2projekt (id,pracownik_id,projekt_id,funkcja,wynagrodzenie,data_rozpoczecia_pracy,data_zakonczenia_pracy) values (353,72,6,'TCD',9022,20111211,20141221);
insert into pracownik2projekt (id,pracownik_id,projekt_id,funkcja,wynagrodzenie,data_rozpoczecia_pracy,data_zakonczenia_pracy) values (354,187,14,'DEV',1045,20110925,20141027);
insert into pracownik2projekt (id,pracownik_id,projekt_id,funkcja,wynagrodzenie,data_rozpoczecia_pracy,data_zakonczenia_pracy) values (355,130,1,'FCD',2202,20091118,20151120);
insert into pracownik2projekt (id,pracownik_id,projekt_id,funkcja,wynagrodzenie,data_rozpoczecia_pracy,data_zakonczenia_pracy) values (356,94,15,'DEV',6822,20060805,20091017);
insert into pracownik2projekt (id,pracownik_id,projekt_id,funkcja,wynagrodzenie,data_rozpoczecia_pracy,data_zakonczenia_pracy) values (357,136,14,'FCD',8447,20160805,20160913);
insert into pracownik2projekt (id,pracownik_id,projekt_id,funkcja,wynagrodzenie,data_rozpoczecia_pracy,data_zakonczenia_pracy) values (358,29,10,'TCD',8280,20100814,20161120);
insert into pracownik2projekt (id,pracownik_id,projekt_id,funkcja,wynagrodzenie,data_rozpoczecia_pracy,data_zakonczenia_pracy) values (359,51,4,'DEV',6867,20140726,20151127);
insert into pracownik2projekt (id,pracownik_id,projekt_id,funkcja,wynagrodzenie,data_rozpoczecia_pracy,data_zakonczenia_pracy) values (360,113,1,'TCD',6780,20161124,20161126);
insert into pracownik2projekt (id,pracownik_id,projekt_id,funkcja,wynagrodzenie,data_rozpoczecia_pracy,data_zakonczenia_pracy) values (361,7,1,'FCD',9912,20110125,20150628);
insert into pracownik2projekt (id,pracownik_id,projekt_id,funkcja,wynagrodzenie,data_rozpoczecia_pracy,data_zakonczenia_pracy) values (362,171,11,'PL',5260,20121101,20151113);
insert into pracownik2projekt (id,pracownik_id,projekt_id,funkcja,wynagrodzenie,data_rozpoczecia_pracy,data_zakonczenia_pracy) values (363,63,8,'PL',1042,20100312,20131217);
insert into pracownik2projekt (id,pracownik_id,projekt_id,funkcja,wynagrodzenie,data_rozpoczecia_pracy,data_zakonczenia_pracy) values (364,105,2,'PL',5868,20140607,20140618);
insert into pracownik2projekt (id,pracownik_id,projekt_id,funkcja,wynagrodzenie,data_rozpoczecia_pracy,data_zakonczenia_pracy) values (365,98,7,'DEV',6738,20100609,20161223);
insert into pracownik2projekt (id,pracownik_id,projekt_id,funkcja,wynagrodzenie,data_rozpoczecia_pracy,data_zakonczenia_pracy) values (366,60,12,'PL',1571,20070520,20130520);
insert into pracownik2projekt (id,pracownik_id,projekt_id,funkcja,wynagrodzenie,data_rozpoczecia_pracy,data_zakonczenia_pracy) values (367,100,7,'PL',3262,20161020,20161221);
insert into pracownik2projekt (id,pracownik_id,projekt_id,funkcja,wynagrodzenie,data_rozpoczecia_pracy,data_zakonczenia_pracy) values (368,80,9,'PL',4045,20130228,20130428);
insert into pracownik2projekt (id,pracownik_id,projekt_id,funkcja,wynagrodzenie,data_rozpoczecia_pracy,data_zakonczenia_pracy) values (369,188,2,'TCD',3235,20090607,20101125);
insert into pracownik2projekt (id,pracownik_id,projekt_id,funkcja,wynagrodzenie,data_rozpoczecia_pracy,data_zakonczenia_pracy) values (370,157,6,'TCD',4363,20150416,20150526);
insert into pracownik2projekt (id,pracownik_id,projekt_id,funkcja,wynagrodzenie,data_rozpoczecia_pracy,data_zakonczenia_pracy) values (371,130,10,'FCD',4130,20111117,20161117);
insert into pracownik2projekt (id,pracownik_id,projekt_id,funkcja,wynagrodzenie,data_rozpoczecia_pracy,data_zakonczenia_pracy) values (372,183,15,'FCD',7085,20090502,20160507);
insert into pracownik2projekt (id,pracownik_id,projekt_id,funkcja,wynagrodzenie,data_rozpoczecia_pracy,data_zakonczenia_pracy) values (373,127,9,'TCD',1925,20110904,20121210);
insert into pracownik2projekt (id,pracownik_id,projekt_id,funkcja,wynagrodzenie,data_rozpoczecia_pracy,data_zakonczenia_pracy) values (374,10,8,'FCD',8270,20120412,20141117);
insert into pracownik2projekt (id,pracownik_id,projekt_id,funkcja,wynagrodzenie,data_rozpoczecia_pracy,data_zakonczenia_pracy) values (375,114,9,'DEV',1554,20080112,20090226);
insert into pracownik2projekt (id,pracownik_id,projekt_id,funkcja,wynagrodzenie,data_rozpoczecia_pracy,data_zakonczenia_pracy) values (376,43,12,'FCD',8947,20060911,20121126);
insert into pracownik2projekt (id,pracownik_id,projekt_id,funkcja,wynagrodzenie,data_rozpoczecia_pracy,data_zakonczenia_pracy) values (377,190,3,'PL',9639,20111201,20151216);
insert into pracownik2projekt (id,pracownik_id,projekt_id,funkcja,wynagrodzenie,data_rozpoczecia_pracy,data_zakonczenia_pracy) values (378,120,3,'FCD',6155,20131007,20131112);
insert into pracownik2projekt (id,pracownik_id,projekt_id,funkcja,wynagrodzenie,data_rozpoczecia_pracy,data_zakonczenia_pracy) values (379,187,7,'FCD',1058,20100108,20160813);
insert into pracownik2projekt (id,pracownik_id,projekt_id,funkcja,wynagrodzenie,data_rozpoczecia_pracy,data_zakonczenia_pracy) values (380,28,10,'TCD',2405,20110218,20130821);
insert into pracownik2projekt (id,pracownik_id,projekt_id,funkcja,wynagrodzenie,data_rozpoczecia_pracy,data_zakonczenia_pracy) values (381,126,7,'FCD',9388,20061219,20091226);
insert into pracownik2projekt (id,pracownik_id,projekt_id,funkcja,wynagrodzenie,data_rozpoczecia_pracy,data_zakonczenia_pracy) values (382,58,9,'PL',7580,20080202,20140213);
insert into pracownik2projekt (id,pracownik_id,projekt_id,funkcja,wynagrodzenie,data_rozpoczecia_pracy,data_zakonczenia_pracy) values (383,96,13,'DEV',5544,20130511,20151017);
insert into pracownik2projekt (id,pracownik_id,projekt_id,funkcja,wynagrodzenie,data_rozpoczecia_pracy,data_zakonczenia_pracy) values (384,151,3,'PL',3214,20081015,20091216);
insert into pracownik2projekt (id,pracownik_id,projekt_id,funkcja,wynagrodzenie,data_rozpoczecia_pracy,data_zakonczenia_pracy) values (385,72,4,'PL',5130,20141023,20161028);
insert into pracownik2projekt (id,pracownik_id,projekt_id,funkcja,wynagrodzenie,data_rozpoczecia_pracy,data_zakonczenia_pracy) values (386,170,11,'DEV',9138,20121001,20121127);
insert into pracownik2projekt (id,pracownik_id,projekt_id,funkcja,wynagrodzenie,data_rozpoczecia_pracy,data_zakonczenia_pracy) values (387,104,10,'TCD',6786,20140802,20160906);
insert into pracownik2projekt (id,pracownik_id,projekt_id,funkcja,wynagrodzenie,data_rozpoczecia_pracy,data_zakonczenia_pracy) values (388,45,1,'PL',1669,20140813,20141118);
insert into pracownik2projekt (id,pracownik_id,projekt_id,funkcja,wynagrodzenie,data_rozpoczecia_pracy,data_zakonczenia_pracy) values (389,123,15,'TCD',4061,20061115,20081124);
insert into pracownik2projekt (id,pracownik_id,projekt_id,funkcja,wynagrodzenie,data_rozpoczecia_pracy,data_zakonczenia_pracy) values (390,17,7,'FCD',7669,20090112,20120115);
insert into pracownik2projekt (id,pracownik_id,projekt_id,funkcja,wynagrodzenie,data_rozpoczecia_pracy,data_zakonczenia_pracy) values (391,186,6,'FCD',2832,20120421,20151024);
insert into pracownik2projekt (id,pracownik_id,projekt_id,funkcja,wynagrodzenie,data_rozpoczecia_pracy,data_zakonczenia_pracy) values (392,169,2,'FCD',6737,20151119,20161119);
insert into pracownik2projekt (id,pracownik_id,projekt_id,funkcja,wynagrodzenie,data_rozpoczecia_pracy,data_zakonczenia_pracy) values (393,70,11,'PL',3690,20061214,20161214);
insert into pracownik2projekt (id,pracownik_id,projekt_id,funkcja,wynagrodzenie,data_rozpoczecia_pracy,data_zakonczenia_pracy) values (394,136,6,'FCD',8239,20151015,20161018);
insert into pracownik2projekt (id,pracownik_id,projekt_id,funkcja,wynagrodzenie,data_rozpoczecia_pracy,data_zakonczenia_pracy) values (395,122,6,'TCD',2727,20061011,20061028);
insert into pracownik2projekt (id,pracownik_id,projekt_id,funkcja,wynagrodzenie,data_rozpoczecia_pracy,data_zakonczenia_pracy) values (396,166,6,'PL',7656,20080423,20161126);
insert into pracownik2projekt (id,pracownik_id,projekt_id,funkcja,wynagrodzenie,data_rozpoczecia_pracy,data_zakonczenia_pracy) values (397,84,14,'PL',7980,20140813,20141125);
insert into pracownik2projekt (id,pracownik_id,projekt_id,funkcja,wynagrodzenie,data_rozpoczecia_pracy,data_zakonczenia_pracy) values (398,74,9,'TCD',1842,20080628,20120628);
insert into pracownik2projekt (id,pracownik_id,projekt_id,funkcja,wynagrodzenie,data_rozpoczecia_pracy,data_zakonczenia_pracy) values (399,83,11,'TCD',9145,20110818,20131023);
insert into pracownik2projekt (id,pracownik_id,projekt_id,funkcja,wynagrodzenie,data_rozpoczecia_pracy,data_zakonczenia_pracy) values (400,114,4,'FCD',1487,20060820,20101122);
insert into pracownik2projekt (id,pracownik_id,projekt_id,funkcja,wynagrodzenie,data_rozpoczecia_pracy,data_zakonczenia_pracy) values (401,77,1,'TCD',1958,20140625,20141027);
insert into pracownik2projekt (id,pracownik_id,projekt_id,funkcja,wynagrodzenie,data_rozpoczecia_pracy,data_zakonczenia_pracy) values (402,58,7,'TCD',5538,20140811,20140828);
insert into pracownik2projekt (id,pracownik_id,projekt_id,funkcja,wynagrodzenie,data_rozpoczecia_pracy,data_zakonczenia_pracy) values (403,123,6,'PL',7075,20080304,20150928);
insert into pracownik2projekt (id,pracownik_id,projekt_id,funkcja,wynagrodzenie,data_rozpoczecia_pracy,data_zakonczenia_pracy) values (404,146,5,'FCD',3293,20111121,20141124);
insert into pracownik2projekt (id,pracownik_id,projekt_id,funkcja,wynagrodzenie,data_rozpoczecia_pracy,data_zakonczenia_pracy) values (405,48,8,'PL',7037,20140805,20160815);
insert into pracownik2projekt (id,pracownik_id,projekt_id,funkcja,wynagrodzenie,data_rozpoczecia_pracy,data_zakonczenia_pracy) values (406,199,3,'DEV',5270,20101214,20111225);
insert into pracownik2projekt (id,pracownik_id,projekt_id,funkcja,wynagrodzenie,data_rozpoczecia_pracy,data_zakonczenia_pracy) values (407,52,14,'PL',6275,20080827,20110827);
insert into pracownik2projekt (id,pracownik_id,projekt_id,funkcja,wynagrodzenie,data_rozpoczecia_pracy,data_zakonczenia_pracy) values (408,14,2,'DEV',5014,20140810,20141028);
insert into pracownik2projekt (id,pracownik_id,projekt_id,funkcja,wynagrodzenie,data_rozpoczecia_pracy,data_zakonczenia_pracy) values (409,142,11,'DEV',8564,20060924,20141227);
insert into pracownik2projekt (id,pracownik_id,projekt_id,funkcja,wynagrodzenie,data_rozpoczecia_pracy,data_zakonczenia_pracy) values (410,38,15,'TCD',1834,20140102,20161204);
insert into pracownik2projekt (id,pracownik_id,projekt_id,funkcja,wynagrodzenie,data_rozpoczecia_pracy,data_zakonczenia_pracy) values (411,16,10,'DEV',9547,20091006,20131225);
insert into pracownik2projekt (id,pracownik_id,projekt_id,funkcja,wynagrodzenie,data_rozpoczecia_pracy,data_zakonczenia_pracy) values (412,69,2,'TCD',6183,20101117,20141118);
insert into pracownik2projekt (id,pracownik_id,projekt_id,funkcja,wynagrodzenie,data_rozpoczecia_pracy,data_zakonczenia_pracy) values (413,30,11,'DEV',4774,20070627,20090927);
insert into pracownik2projekt (id,pracownik_id,projekt_id,funkcja,wynagrodzenie,data_rozpoczecia_pracy,data_zakonczenia_pracy) values (414,48,2,'PL',6395,20110628,20110628);
insert into pracownik2projekt (id,pracownik_id,projekt_id,funkcja,wynagrodzenie,data_rozpoczecia_pracy,data_zakonczenia_pracy) values (415,36,3,'PL',9646,20080419,20110619);
insert into pracownik2projekt (id,pracownik_id,projekt_id,funkcja,wynagrodzenie,data_rozpoczecia_pracy,data_zakonczenia_pracy) values (416,89,10,'TCD',8165,20150106,20150720);
insert into pracownik2projekt (id,pracownik_id,projekt_id,funkcja,wynagrodzenie,data_rozpoczecia_pracy,data_zakonczenia_pracy) values (417,94,6,'PL',1643,20070308,20130628);
insert into pracownik2projekt (id,pracownik_id,projekt_id,funkcja,wynagrodzenie,data_rozpoczecia_pracy,data_zakonczenia_pracy) values (418,129,1,'DEV',4289,20100304,20130622);
insert into pracownik2projekt (id,pracownik_id,projekt_id,funkcja,wynagrodzenie,data_rozpoczecia_pracy,data_zakonczenia_pracy) values (419,160,14,'TCD',2237,20091207,20111208);
insert into pracownik2projekt (id,pracownik_id,projekt_id,funkcja,wynagrodzenie,data_rozpoczecia_pracy,data_zakonczenia_pracy) values (420,35,7,'FCD',4553,20130211,20140617);
insert into pracownik2projekt (id,pracownik_id,projekt_id,funkcja,wynagrodzenie,data_rozpoczecia_pracy,data_zakonczenia_pracy) values (421,22,5,'DEV',5359,20150324,20150526);
insert into pracownik2projekt (id,pracownik_id,projekt_id,funkcja,wynagrodzenie,data_rozpoczecia_pracy,data_zakonczenia_pracy) values (422,141,9,'TCD',3178,20130318,20130621);
insert into pracownik2projekt (id,pracownik_id,projekt_id,funkcja,wynagrodzenie,data_rozpoczecia_pracy,data_zakonczenia_pracy) values (423,196,11,'PL',1309,20121102,20121221);
insert into pracownik2projekt (id,pracownik_id,projekt_id,funkcja,wynagrodzenie,data_rozpoczecia_pracy,data_zakonczenia_pracy) values (424,51,7,'FCD',3616,20150911,20151014);
insert into pracownik2projekt (id,pracownik_id,projekt_id,funkcja,wynagrodzenie,data_rozpoczecia_pracy,data_zakonczenia_pracy) values (425,43,6,'TCD',3206,20160523,20160723);
insert into pracownik2projekt (id,pracownik_id,projekt_id,funkcja,wynagrodzenie,data_rozpoczecia_pracy,data_zakonczenia_pracy) values (426,199,5,'DEV',6544,20110411,20150427);
insert into pracownik2projekt (id,pracownik_id,projekt_id,funkcja,wynagrodzenie,data_rozpoczecia_pracy,data_zakonczenia_pracy) values (427,59,8,'DEV',1823,20091204,20111211);
insert into pracownik2projekt (id,pracownik_id,projekt_id,funkcja,wynagrodzenie,data_rozpoczecia_pracy,data_zakonczenia_pracy) values (428,100,8,'PL',3079,20130802,20160920);
insert into pracownik2projekt (id,pracownik_id,projekt_id,funkcja,wynagrodzenie,data_rozpoczecia_pracy,data_zakonczenia_pracy) values (429,72,9,'TCD',9598,20131120,20141120);
insert into pracownik2projekt (id,pracownik_id,projekt_id,funkcja,wynagrodzenie,data_rozpoczecia_pracy,data_zakonczenia_pracy) values (430,160,5,'TCD',9218,20100224,20150527);
insert into pracownik2projekt (id,pracownik_id,projekt_id,funkcja,wynagrodzenie,data_rozpoczecia_pracy,data_zakonczenia_pracy) values (431,199,3,'TCD',9685,20150112,20160328);
insert into pracownik2projekt (id,pracownik_id,projekt_id,funkcja,wynagrodzenie,data_rozpoczecia_pracy,data_zakonczenia_pracy) values (432,197,5,'FCD',2090,20131124,20131124);
insert into pracownik2projekt (id,pracownik_id,projekt_id,funkcja,wynagrodzenie,data_rozpoczecia_pracy,data_zakonczenia_pracy) values (433,142,5,'PL',9348,20070324,20090525);
insert into pracownik2projekt (id,pracownik_id,projekt_id,funkcja,wynagrodzenie,data_rozpoczecia_pracy,data_zakonczenia_pracy) values (434,123,12,'FCD',6487,20070826,20121128);
insert into pracownik2projekt (id,pracownik_id,projekt_id,funkcja,wynagrodzenie,data_rozpoczecia_pracy,data_zakonczenia_pracy) values (435,123,5,'TCD',8783,20060701,20111002);
insert into pracownik2projekt (id,pracownik_id,projekt_id,funkcja,wynagrodzenie,data_rozpoczecia_pracy,data_zakonczenia_pracy) values (436,84,12,'TCD',7088,20080203,20110610);
insert into pracownik2projekt (id,pracownik_id,projekt_id,funkcja,wynagrodzenie,data_rozpoczecia_pracy,data_zakonczenia_pracy) values (437,81,11,'DEV',1619,20120123,20150424);
insert into pracownik2projekt (id,pracownik_id,projekt_id,funkcja,wynagrodzenie,data_rozpoczecia_pracy,data_zakonczenia_pracy) values (438,31,2,'DEV',2366,20140312,20140319);
insert into pracownik2projekt (id,pracownik_id,projekt_id,funkcja,wynagrodzenie,data_rozpoczecia_pracy,data_zakonczenia_pracy) values (439,194,5,'DEV',3135,20091227,20121228);
insert into pracownik2projekt (id,pracownik_id,projekt_id,funkcja,wynagrodzenie,data_rozpoczecia_pracy,data_zakonczenia_pracy) values (440,153,7,'PL',2661,20160217,20160925);
insert into pracownik2projekt (id,pracownik_id,projekt_id,funkcja,wynagrodzenie,data_rozpoczecia_pracy,data_zakonczenia_pracy) values (441,179,7,'FCD',5226,20140402,20151209);
insert into pracownik2projekt (id,pracownik_id,projekt_id,funkcja,wynagrodzenie,data_rozpoczecia_pracy,data_zakonczenia_pracy) values (442,26,6,'FCD',6211,20140301,20151206);
insert into pracownik2projekt (id,pracownik_id,projekt_id,funkcja,wynagrodzenie,data_rozpoczecia_pracy,data_zakonczenia_pracy) values (443,170,6,'TCD',7326,20100519,20150726);
insert into pracownik2projekt (id,pracownik_id,projekt_id,funkcja,wynagrodzenie,data_rozpoczecia_pracy,data_zakonczenia_pracy) values (444,174,3,'FCD',7364,20150801,20150921);
insert into pracownik2projekt (id,pracownik_id,projekt_id,funkcja,wynagrodzenie,data_rozpoczecia_pracy,data_zakonczenia_pracy) values (445,47,14,'DEV',6547,20120703,20140914);
insert into pracownik2projekt (id,pracownik_id,projekt_id,funkcja,wynagrodzenie,data_rozpoczecia_pracy,data_zakonczenia_pracy) values (446,9,10,'TCD',2895,20160909,20161011);
insert into pracownik2projekt (id,pracownik_id,projekt_id,funkcja,wynagrodzenie,data_rozpoczecia_pracy,data_zakonczenia_pracy) values (447,178,8,'DEV',2721,20140609,20140924);
insert into pracownik2projekt (id,pracownik_id,projekt_id,funkcja,wynagrodzenie,data_rozpoczecia_pracy,data_zakonczenia_pracy) values (448,97,13,'PL',5914,20060411,20080427);
insert into pracownik2projekt (id,pracownik_id,projekt_id,funkcja,wynagrodzenie,data_rozpoczecia_pracy,data_zakonczenia_pracy) values (449,62,11,'TCD',1346,20140623,20141124);
insert into pracownik2projekt (id,pracownik_id,projekt_id,funkcja,wynagrodzenie,data_rozpoczecia_pracy,data_zakonczenia_pracy) values (450,69,12,'FCD',3389,20140901,20151016);
insert into pracownik2projekt (id,pracownik_id,projekt_id,funkcja,wynagrodzenie,data_rozpoczecia_pracy,data_zakonczenia_pracy) values (451,40,9,'TCD',4937,20150613,20161115);
insert into pracownik2projekt (id,pracownik_id,projekt_id,funkcja,wynagrodzenie,data_rozpoczecia_pracy,data_zakonczenia_pracy) values (452,65,14,'PL',5549,20130823,20150827);
insert into pracownik2projekt (id,pracownik_id,projekt_id,funkcja,wynagrodzenie,data_rozpoczecia_pracy,data_zakonczenia_pracy) values (453,149,13,'PL',2710,20090420,20140524);
insert into pracownik2projekt (id,pracownik_id,projekt_id,funkcja,wynagrodzenie,data_rozpoczecia_pracy,data_zakonczenia_pracy) values (454,48,11,'TCD',5028,20121103,20151110);
insert into pracownik2projekt (id,pracownik_id,projekt_id,funkcja,wynagrodzenie,data_rozpoczecia_pracy,data_zakonczenia_pracy) values (455,35,9,'PL',3432,20070116,20070921);
insert into pracownik2projekt (id,pracownik_id,projekt_id,funkcja,wynagrodzenie,data_rozpoczecia_pracy,data_zakonczenia_pracy) values (456,110,11,'FCD',4232,20091025,20161125);
insert into pracownik2projekt (id,pracownik_id,projekt_id,funkcja,wynagrodzenie,data_rozpoczecia_pracy,data_zakonczenia_pracy) values (457,50,10,'DEV',2916,20090526,20101226);
insert into pracownik2projekt (id,pracownik_id,projekt_id,funkcja,wynagrodzenie,data_rozpoczecia_pracy,data_zakonczenia_pracy) values (458,189,1,'FCD',8098,20100208,20130320);
insert into pracownik2projekt (id,pracownik_id,projekt_id,funkcja,wynagrodzenie,data_rozpoczecia_pracy,data_zakonczenia_pracy) values (459,121,5,'DEV',8113,20060126,20150927);
insert into pracownik2projekt (id,pracownik_id,projekt_id,funkcja,wynagrodzenie,data_rozpoczecia_pracy,data_zakonczenia_pracy) values (460,95,14,'PL',2594,20081212,20131214);
insert into pracownik2projekt (id,pracownik_id,projekt_id,funkcja,wynagrodzenie,data_rozpoczecia_pracy,data_zakonczenia_pracy) values (461,28,10,'FCD',8783,20100409,20140410);
insert into pracownik2projekt (id,pracownik_id,projekt_id,funkcja,wynagrodzenie,data_rozpoczecia_pracy,data_zakonczenia_pracy) values (462,175,6,'FCD',8397,20100603,20130714);
insert into pracownik2projekt (id,pracownik_id,projekt_id,funkcja,wynagrodzenie,data_rozpoczecia_pracy,data_zakonczenia_pracy) values (463,9,2,'FCD',9774,20131206,20131227);
insert into pracownik2projekt (id,pracownik_id,projekt_id,funkcja,wynagrodzenie,data_rozpoczecia_pracy,data_zakonczenia_pracy) values (464,26,15,'FCD',4475,20090806,20121220);
insert into pracownik2projekt (id,pracownik_id,projekt_id,funkcja,wynagrodzenie,data_rozpoczecia_pracy,data_zakonczenia_pracy) values (465,34,14,'DEV',7778,20131101,20141214);
insert into pracownik2projekt (id,pracownik_id,projekt_id,funkcja,wynagrodzenie,data_rozpoczecia_pracy,data_zakonczenia_pracy) values (466,65,8,'TCD',4875,20091026,20091226);
insert into pracownik2projekt (id,pracownik_id,projekt_id,funkcja,wynagrodzenie,data_rozpoczecia_pracy,data_zakonczenia_pracy) values (467,76,14,'FCD',8373,20071103,20141106);
insert into pracownik2projekt (id,pracownik_id,projekt_id,funkcja,wynagrodzenie,data_rozpoczecia_pracy,data_zakonczenia_pracy) values (468,153,13,'TCD',2592,20150814,20151023);
insert into pracownik2projekt (id,pracownik_id,projekt_id,funkcja,wynagrodzenie,data_rozpoczecia_pracy,data_zakonczenia_pracy) values (469,174,15,'TCD',4204,20140123,20160128);
insert into pracownik2projekt (id,pracownik_id,projekt_id,funkcja,wynagrodzenie,data_rozpoczecia_pracy,data_zakonczenia_pracy) values (470,166,1,'PL',6256,20060513,20080514);
insert into pracownik2projekt (id,pracownik_id,projekt_id,funkcja,wynagrodzenie,data_rozpoczecia_pracy,data_zakonczenia_pracy) values (471,65,4,'TCD',3477,20091026,20101028);
insert into pracownik2projekt (id,pracownik_id,projekt_id,funkcja,wynagrodzenie,data_rozpoczecia_pracy,data_zakonczenia_pracy) values (472,65,13,'FCD',3974,20160711,20161211);
insert into pracownik2projekt (id,pracownik_id,projekt_id,funkcja,wynagrodzenie,data_rozpoczecia_pracy,data_zakonczenia_pracy) values (473,60,11,'TCD',5691,20150511,20151125);
insert into pracownik2projekt (id,pracownik_id,projekt_id,funkcja,wynagrodzenie,data_rozpoczecia_pracy,data_zakonczenia_pracy) values (474,160,7,'FCD',9087,20090518,20121019);
insert into pracownik2projekt (id,pracownik_id,projekt_id,funkcja,wynagrodzenie,data_rozpoczecia_pracy,data_zakonczenia_pracy) values (475,109,10,'DEV',6973,20140608,20160612);
insert into pracownik2projekt (id,pracownik_id,projekt_id,funkcja,wynagrodzenie,data_rozpoczecia_pracy,data_zakonczenia_pracy) values (476,118,2,'FCD',6132,20060520,20150728);
insert into pracownik2projekt (id,pracownik_id,projekt_id,funkcja,wynagrodzenie,data_rozpoczecia_pracy,data_zakonczenia_pracy) values (477,175,12,'DEV',9646,20140611,20160617);
insert into pracownik2projekt (id,pracownik_id,projekt_id,funkcja,wynagrodzenie,data_rozpoczecia_pracy,data_zakonczenia_pracy) values (478,50,13,'PL',8928,20060904,20090917);
insert into pracownik2projekt (id,pracownik_id,projekt_id,funkcja,wynagrodzenie,data_rozpoczecia_pracy,data_zakonczenia_pracy) values (479,154,11,'PL',3607,20060606,20111015);
insert into pracownik2projekt (id,pracownik_id,projekt_id,funkcja,wynagrodzenie,data_rozpoczecia_pracy,data_zakonczenia_pracy) values (480,174,1,'PL',7774,20160616,20160627);
insert into pracownik2projekt (id,pracownik_id,projekt_id,funkcja,wynagrodzenie,data_rozpoczecia_pracy,data_zakonczenia_pracy) values (481,116,11,'FCD',3248,20130425,20160727);
insert into pracownik2projekt (id,pracownik_id,projekt_id,funkcja,wynagrodzenie,data_rozpoczecia_pracy,data_zakonczenia_pracy) values (482,29,6,'FCD',4180,20140828,20150828);
insert into pracownik2projekt (id,pracownik_id,projekt_id,funkcja,wynagrodzenie,data_rozpoczecia_pracy,data_zakonczenia_pracy) values (483,102,4,'DEV',6445,20091004,20161016);
insert into pracownik2projekt (id,pracownik_id,projekt_id,funkcja,wynagrodzenie,data_rozpoczecia_pracy,data_zakonczenia_pracy) values (484,73,14,'PL',3213,20130813,20141213);
insert into pracownik2projekt (id,pracownik_id,projekt_id,funkcja,wynagrodzenie,data_rozpoczecia_pracy,data_zakonczenia_pracy) values (485,25,7,'PL',2980,20070910,20131226);
insert into pracownik2projekt (id,pracownik_id,projekt_id,funkcja,wynagrodzenie,data_rozpoczecia_pracy,data_zakonczenia_pracy) values (486,165,6,'TCD',8707,20060128,20150528);
insert into pracownik2projekt (id,pracownik_id,projekt_id,funkcja,wynagrodzenie,data_rozpoczecia_pracy,data_zakonczenia_pracy) values (487,17,3,'PL',9892,20110509,20110726);
insert into pracownik2projekt (id,pracownik_id,projekt_id,funkcja,wynagrodzenie,data_rozpoczecia_pracy,data_zakonczenia_pracy) values (488,193,2,'DEV',8697,20080718,20080920);
insert into pracownik2projekt (id,pracownik_id,projekt_id,funkcja,wynagrodzenie,data_rozpoczecia_pracy,data_zakonczenia_pracy) values (489,181,11,'TCD',3447,20130406,20150525);
insert into pracownik2projekt (id,pracownik_id,projekt_id,funkcja,wynagrodzenie,data_rozpoczecia_pracy,data_zakonczenia_pracy) values (490,111,10,'TCD',3073,20081003,20081212);
insert into pracownik2projekt (id,pracownik_id,projekt_id,funkcja,wynagrodzenie,data_rozpoczecia_pracy,data_zakonczenia_pracy) values (491,79,7,'FCD',9184,20090127,20150628);
insert into pracownik2projekt (id,pracownik_id,projekt_id,funkcja,wynagrodzenie,data_rozpoczecia_pracy,data_zakonczenia_pracy) values (492,177,9,'DEV',9023,20111025,20141028);
insert into pracownik2projekt (id,pracownik_id,projekt_id,funkcja,wynagrodzenie,data_rozpoczecia_pracy,data_zakonczenia_pracy) values (493,106,4,'DEV',8415,20120507,20130816);
insert into pracownik2projekt (id,pracownik_id,projekt_id,funkcja,wynagrodzenie,data_rozpoczecia_pracy,data_zakonczenia_pracy) values (494,55,11,'DEV',7786,20070907,20091025);
insert into pracownik2projekt (id,pracownik_id,projekt_id,funkcja,wynagrodzenie,data_rozpoczecia_pracy,data_zakonczenia_pracy) values (495,105,3,'FCD',8165,20150928,20161128);
insert into pracownik2projekt (id,pracownik_id,projekt_id,funkcja,wynagrodzenie,data_rozpoczecia_pracy,data_zakonczenia_pracy) values (496,193,4,'TCD',1379,20061110,20161127);
insert into pracownik2projekt (id,pracownik_id,projekt_id,funkcja,wynagrodzenie,data_rozpoczecia_pracy,data_zakonczenia_pracy) values (497,60,1,'DEV',2935,20070908,20081124);
insert into pracownik2projekt (id,pracownik_id,projekt_id,funkcja,wynagrodzenie,data_rozpoczecia_pracy,data_zakonczenia_pracy) values (498,64,1,'PL',5964,20140625,20160627);
insert into pracownik2projekt (id,pracownik_id,projekt_id,funkcja,wynagrodzenie,data_rozpoczecia_pracy,data_zakonczenia_pracy) values (499,173,1,'DEV',7522,20080305,20140623);
insert into pracownik2projekt (id,pracownik_id,projekt_id,funkcja,wynagrodzenie,data_rozpoczecia_pracy,data_zakonczenia_pracy) values (500,195,1,'DEV',2403,20160424,20160528);
insert into pracownik2projekt (id,pracownik_id,projekt_id,funkcja,wynagrodzenie,data_rozpoczecia_pracy,data_zakonczenia_pracy) values (501,142,4,'TCD',2851,20080420,20130722);
insert into pracownik2projekt (id,pracownik_id,projekt_id,funkcja,wynagrodzenie,data_rozpoczecia_pracy,data_zakonczenia_pracy) values (502,4,1,'TCD',2390,20140513,20150715);
insert into pracownik2projekt (id,pracownik_id,projekt_id,funkcja,wynagrodzenie,data_rozpoczecia_pracy,data_zakonczenia_pracy) values (503,193,6,'TCD',6516,20070416,20150925);
insert into pracownik2projekt (id,pracownik_id,projekt_id,funkcja,wynagrodzenie,data_rozpoczecia_pracy,data_zakonczenia_pracy) values (504,43,10,'TCD',1466,20140309,20150613);
insert into pracownik2projekt (id,pracownik_id,projekt_id,funkcja,wynagrodzenie,data_rozpoczecia_pracy,data_zakonczenia_pracy) values (505,186,7,'DEV',4874,20140307,20150827);
insert into pracownik2projekt (id,pracownik_id,projekt_id,funkcja,wynagrodzenie,data_rozpoczecia_pracy,data_zakonczenia_pracy) values (506,155,8,'PL',2625,20080809,20141226);
insert into pracownik2projekt (id,pracownik_id,projekt_id,funkcja,wynagrodzenie,data_rozpoczecia_pracy,data_zakonczenia_pracy) values (507,166,9,'FCD',1749,20060907,20121213);
insert into pracownik2projekt (id,pracownik_id,projekt_id,funkcja,wynagrodzenie,data_rozpoczecia_pracy,data_zakonczenia_pracy) values (508,83,1,'PL',9043,20110115,20130718);
insert into pracownik2projekt (id,pracownik_id,projekt_id,funkcja,wynagrodzenie,data_rozpoczecia_pracy,data_zakonczenia_pracy) values (509,119,13,'TCD',6956,20090413,20140615);
insert into pracownik2projekt (id,pracownik_id,projekt_id,funkcja,wynagrodzenie,data_rozpoczecia_pracy,data_zakonczenia_pracy) values (510,35,12,'PL',7400,20160919,20161021);
insert into pracownik2projekt (id,pracownik_id,projekt_id,funkcja,wynagrodzenie,data_rozpoczecia_pracy,data_zakonczenia_pracy) values (511,164,11,'TCD',7930,20070627,20141228);
insert into pracownik2projekt (id,pracownik_id,projekt_id,funkcja,wynagrodzenie,data_rozpoczecia_pracy,data_zakonczenia_pracy) values (512,127,15,'PL',9988,20120401,20160609);
insert into pracownik2projekt (id,pracownik_id,projekt_id,funkcja,wynagrodzenie,data_rozpoczecia_pracy,data_zakonczenia_pracy) values (513,196,2,'DEV',1860,20100724,20120824);
insert into pracownik2projekt (id,pracownik_id,projekt_id,funkcja,wynagrodzenie,data_rozpoczecia_pracy,data_zakonczenia_pracy) values (514,93,8,'TCD',3854,20131027,20141227);
insert into pracownik2projekt (id,pracownik_id,projekt_id,funkcja,wynagrodzenie,data_rozpoczecia_pracy,data_zakonczenia_pracy) values (515,62,4,'DEV',3108,20151008,20151210);
insert into pracownik2projekt (id,pracownik_id,projekt_id,funkcja,wynagrodzenie,data_rozpoczecia_pracy,data_zakonczenia_pracy) values (516,191,15,'TCD',1479,20150604,20160605);
insert into pracownik2projekt (id,pracownik_id,projekt_id,funkcja,wynagrodzenie,data_rozpoczecia_pracy,data_zakonczenia_pracy) values (517,194,9,'PL',6106,20131010,20151021);
insert into pracownik2projekt (id,pracownik_id,projekt_id,funkcja,wynagrodzenie,data_rozpoczecia_pracy,data_zakonczenia_pracy) values (518,162,10,'FCD',7802,20110218,20150425);
insert into pracownik2projekt (id,pracownik_id,projekt_id,funkcja,wynagrodzenie,data_rozpoczecia_pracy,data_zakonczenia_pracy) values (519,99,15,'DEV',6421,20130816,20141028);
insert into pracownik2projekt (id,pracownik_id,projekt_id,funkcja,wynagrodzenie,data_rozpoczecia_pracy,data_zakonczenia_pracy) values (520,41,15,'PL',3480,20111006,20131206);
insert into pracownik2projekt (id,pracownik_id,projekt_id,funkcja,wynagrodzenie,data_rozpoczecia_pracy,data_zakonczenia_pracy) values (521,47,6,'TCD',9061,20090314,20140924);
insert into pracownik2projekt (id,pracownik_id,projekt_id,funkcja,wynagrodzenie,data_rozpoczecia_pracy,data_zakonczenia_pracy) values (522,198,12,'FCD',7054,20130927,20161228);
insert into pracownik2projekt (id,pracownik_id,projekt_id,funkcja,wynagrodzenie,data_rozpoczecia_pracy,data_zakonczenia_pracy) values (523,61,15,'FCD',9900,20060822,20161022);
insert into pracownik2projekt (id,pracownik_id,projekt_id,funkcja,wynagrodzenie,data_rozpoczecia_pracy,data_zakonczenia_pracy) values (524,74,5,'FCD',6557,20090620,20121021);
insert into pracownik2projekt (id,pracownik_id,projekt_id,funkcja,wynagrodzenie,data_rozpoczecia_pracy,data_zakonczenia_pracy) values (525,193,13,'PL',2229,20070204,20080817);
insert into pracownik2projekt (id,pracownik_id,projekt_id,funkcja,wynagrodzenie,data_rozpoczecia_pracy,data_zakonczenia_pracy) values (526,189,14,'TCD',6328,20090813,20110820);
insert into pracownik2projekt (id,pracownik_id,projekt_id,funkcja,wynagrodzenie,data_rozpoczecia_pracy,data_zakonczenia_pracy) values (527,3,3,'DEV',6876,20070111,20120918);
insert into pracownik2projekt (id,pracownik_id,projekt_id,funkcja,wynagrodzenie,data_rozpoczecia_pracy,data_zakonczenia_pracy) values (528,161,1,'PL',5880,20070607,20090811);
insert into pracownik2projekt (id,pracownik_id,projekt_id,funkcja,wynagrodzenie,data_rozpoczecia_pracy,data_zakonczenia_pracy) values (529,91,11,'TCD',2186,20150801,20151226);
insert into pracownik2projekt (id,pracownik_id,projekt_id,funkcja,wynagrodzenie,data_rozpoczecia_pracy,data_zakonczenia_pracy) values (530,189,9,'TCD',2042,20151226,20161227);
insert into pracownik2projekt (id,pracownik_id,projekt_id,funkcja,wynagrodzenie,data_rozpoczecia_pracy,data_zakonczenia_pracy) values (531,140,5,'TCD',4004,20140925,20140925);
insert into pracownik2projekt (id,pracownik_id,projekt_id,funkcja,wynagrodzenie,data_rozpoczecia_pracy,data_zakonczenia_pracy) values (532,113,10,'DEV',8983,20140204,20161208);
insert into pracownik2projekt (id,pracownik_id,projekt_id,funkcja,wynagrodzenie,data_rozpoczecia_pracy,data_zakonczenia_pracy) values (533,164,15,'PL',2662,20060924,20141126);
insert into pracownik2projekt (id,pracownik_id,projekt_id,funkcja,wynagrodzenie,data_rozpoczecia_pracy,data_zakonczenia_pracy) values (534,45,7,'FCD',5887,20131222,20131228);
insert into pracownik2projekt (id,pracownik_id,projekt_id,funkcja,wynagrodzenie,data_rozpoczecia_pracy,data_zakonczenia_pracy) values (535,179,9,'PL',3852,20141219,20161227);
insert into pracownik2projekt (id,pracownik_id,projekt_id,funkcja,wynagrodzenie,data_rozpoczecia_pracy,data_zakonczenia_pracy) values (536,189,12,'PL',4857,20060112,20150317);
insert into pracownik2projekt (id,pracownik_id,projekt_id,funkcja,wynagrodzenie,data_rozpoczecia_pracy,data_zakonczenia_pracy) values (537,139,6,'FCD',7655,20061021,20121124);
insert into pracownik2projekt (id,pracownik_id,projekt_id,funkcja,wynagrodzenie,data_rozpoczecia_pracy,data_zakonczenia_pracy) values (538,74,9,'TCD',6369,20070327,20081127);
insert into pracownik2projekt (id,pracownik_id,projekt_id,funkcja,wynagrodzenie,data_rozpoczecia_pracy,data_zakonczenia_pracy) values (539,197,3,'TCD',9037,20120928,20120928);
insert into pracownik2projekt (id,pracownik_id,projekt_id,funkcja,wynagrodzenie,data_rozpoczecia_pracy,data_zakonczenia_pracy) values (540,140,12,'PL',1253,20130903,20161010);
insert into pracownik2projekt (id,pracownik_id,projekt_id,funkcja,wynagrodzenie,data_rozpoczecia_pracy,data_zakonczenia_pracy) values (541,6,11,'DEV',9736,20120822,20160824);
insert into pracownik2projekt (id,pracownik_id,projekt_id,funkcja,wynagrodzenie,data_rozpoczecia_pracy,data_zakonczenia_pracy) values (542,4,15,'FCD',1992,20131014,20151117);
insert into pracownik2projekt (id,pracownik_id,projekt_id,funkcja,wynagrodzenie,data_rozpoczecia_pracy,data_zakonczenia_pracy) values (543,198,12,'PL',6376,20130309,20140417);
insert into pracownik2projekt (id,pracownik_id,projekt_id,funkcja,wynagrodzenie,data_rozpoczecia_pracy,data_zakonczenia_pracy) values (544,190,6,'DEV',4393,20141026,20161028);
insert into pracownik2projekt (id,pracownik_id,projekt_id,funkcja,wynagrodzenie,data_rozpoczecia_pracy,data_zakonczenia_pracy) values (545,90,3,'TCD',4532,20110614,20151024);
insert into pracownik2projekt (id,pracownik_id,projekt_id,funkcja,wynagrodzenie,data_rozpoczecia_pracy,data_zakonczenia_pracy) values (546,38,4,'TCD',9003,20061127,20151228);
insert into pracownik2projekt (id,pracownik_id,projekt_id,funkcja,wynagrodzenie,data_rozpoczecia_pracy,data_zakonczenia_pracy) values (547,131,13,'PL',9076,20070101,20121108);
insert into pracownik2projekt (id,pracownik_id,projekt_id,funkcja,wynagrodzenie,data_rozpoczecia_pracy,data_zakonczenia_pracy) values (548,115,6,'PL',5714,20130808,20160917);
insert into pracownik2projekt (id,pracownik_id,projekt_id,funkcja,wynagrodzenie,data_rozpoczecia_pracy,data_zakonczenia_pracy) values (549,79,10,'TCD',3547,20060319,20161227);
insert into pracownik2projekt (id,pracownik_id,projekt_id,funkcja,wynagrodzenie,data_rozpoczecia_pracy,data_zakonczenia_pracy) values (550,45,4,'DEV',2044,20070221,20130723);
insert into pracownik2projekt (id,pracownik_id,projekt_id,funkcja,wynagrodzenie,data_rozpoczecia_pracy,data_zakonczenia_pracy) values (551,153,7,'DEV',9368,20080211,20110524);
insert into pracownik2projekt (id,pracownik_id,projekt_id,funkcja,wynagrodzenie,data_rozpoczecia_pracy,data_zakonczenia_pracy) values (552,185,11,'PL',4098,20110521,20161124);
insert into pracownik2projekt (id,pracownik_id,projekt_id,funkcja,wynagrodzenie,data_rozpoczecia_pracy,data_zakonczenia_pracy) values (553,160,13,'DEV',6496,20160620,20160721);
insert into pracownik2projekt (id,pracownik_id,projekt_id,funkcja,wynagrodzenie,data_rozpoczecia_pracy,data_zakonczenia_pracy) values (554,176,10,'FCD',1648,20160205,20160706);
insert into pracownik2projekt (id,pracownik_id,projekt_id,funkcja,wynagrodzenie,data_rozpoczecia_pracy,data_zakonczenia_pracy) values (555,148,6,'PL',6917,20070208,20100422);
insert into pracownik2projekt (id,pracownik_id,projekt_id,funkcja,wynagrodzenie,data_rozpoczecia_pracy,data_zakonczenia_pracy) values (556,95,4,'DEV',3254,20081214,20161215);
insert into pracownik2projekt (id,pracownik_id,projekt_id,funkcja,wynagrodzenie,data_rozpoczecia_pracy,data_zakonczenia_pracy) values (557,86,4,'FCD',6222,20131123,20131128);
insert into pracownik2projekt (id,pracownik_id,projekt_id,funkcja,wynagrodzenie,data_rozpoczecia_pracy,data_zakonczenia_pracy) values (558,198,3,'TCD',6909,20151103,20151212);
insert into pracownik2projekt (id,pracownik_id,projekt_id,funkcja,wynagrodzenie,data_rozpoczecia_pracy,data_zakonczenia_pracy) values (559,38,5,'TCD',4846,20111001,20121113);
insert into pracownik2projekt (id,pracownik_id,projekt_id,funkcja,wynagrodzenie,data_rozpoczecia_pracy,data_zakonczenia_pracy) values (560,175,2,'DEV',1347,20100617,20160624);
insert into pracownik2projekt (id,pracownik_id,projekt_id,funkcja,wynagrodzenie,data_rozpoczecia_pracy,data_zakonczenia_pracy) values (561,119,3,'TCD',2220,20141008,20151017);
insert into pracownik2projekt (id,pracownik_id,projekt_id,funkcja,wynagrodzenie,data_rozpoczecia_pracy,data_zakonczenia_pracy) values (562,169,11,'PL',6658,20090112,20120627);
insert into pracownik2projekt (id,pracownik_id,projekt_id,funkcja,wynagrodzenie,data_rozpoczecia_pracy,data_zakonczenia_pracy) values (563,172,11,'DEV',9814,20090823,20150827);
insert into pracownik2projekt (id,pracownik_id,projekt_id,funkcja,wynagrodzenie,data_rozpoczecia_pracy,data_zakonczenia_pracy) values (564,91,14,'PL',1078,20060216,20071221);
insert into pracownik2projekt (id,pracownik_id,projekt_id,funkcja,wynagrodzenie,data_rozpoczecia_pracy,data_zakonczenia_pracy) values (565,146,4,'PL',4806,20130103,20140910);
insert into pracownik2projekt (id,pracownik_id,projekt_id,funkcja,wynagrodzenie,data_rozpoczecia_pracy,data_zakonczenia_pracy) values (566,50,10,'FCD',6240,20160923,20161225);
insert into pracownik2projekt (id,pracownik_id,projekt_id,funkcja,wynagrodzenie,data_rozpoczecia_pracy,data_zakonczenia_pracy) values (567,124,9,'FCD',9778,20110119,20121025);
insert into pracownik2projekt (id,pracownik_id,projekt_id,funkcja,wynagrodzenie,data_rozpoczecia_pracy,data_zakonczenia_pracy) values (568,60,6,'DEV',4923,20060315,20091023);
insert into pracownik2projekt (id,pracownik_id,projekt_id,funkcja,wynagrodzenie,data_rozpoczecia_pracy,data_zakonczenia_pracy) values (569,118,8,'DEV',2730,20080307,20160812);
insert into pracownik2projekt (id,pracownik_id,projekt_id,funkcja,wynagrodzenie,data_rozpoczecia_pracy,data_zakonczenia_pracy) values (570,51,7,'DEV',2671,20140314,20150423);
insert into pracownik2projekt (id,pracownik_id,projekt_id,funkcja,wynagrodzenie,data_rozpoczecia_pracy,data_zakonczenia_pracy) values (571,57,3,'PL',7151,20070216,20091116);
insert into pracownik2projekt (id,pracownik_id,projekt_id,funkcja,wynagrodzenie,data_rozpoczecia_pracy,data_zakonczenia_pracy) values (572,11,6,'TCD',5054,20150528,20160728);
insert into pracownik2projekt (id,pracownik_id,projekt_id,funkcja,wynagrodzenie,data_rozpoczecia_pracy,data_zakonczenia_pracy) values (573,184,2,'DEV',8843,20081227,20101228);
insert into pracownik2projekt (id,pracownik_id,projekt_id,funkcja,wynagrodzenie,data_rozpoczecia_pracy,data_zakonczenia_pracy) values (574,69,7,'TCD',3386,20100928,20110928);
insert into pracownik2projekt (id,pracownik_id,projekt_id,funkcja,wynagrodzenie,data_rozpoczecia_pracy,data_zakonczenia_pracy) values (575,50,7,'PL',2306,20090727,20100727);
insert into pracownik2projekt (id,pracownik_id,projekt_id,funkcja,wynagrodzenie,data_rozpoczecia_pracy,data_zakonczenia_pracy) values (576,115,10,'DEV',3400,20111006,20141119);
insert into pracownik2projekt (id,pracownik_id,projekt_id,funkcja,wynagrodzenie,data_rozpoczecia_pracy,data_zakonczenia_pracy) values (577,69,8,'TCD',7841,20120909,20141014);
insert into pracownik2projekt (id,pracownik_id,projekt_id,funkcja,wynagrodzenie,data_rozpoczecia_pracy,data_zakonczenia_pracy) values (578,189,15,'DEV',8157,20160906,20161225);
insert into pracownik2projekt (id,pracownik_id,projekt_id,funkcja,wynagrodzenie,data_rozpoczecia_pracy,data_zakonczenia_pracy) values (579,180,4,'TCD',6352,20130927,20161228);
insert into pracownik2projekt (id,pracownik_id,projekt_id,funkcja,wynagrodzenie,data_rozpoczecia_pracy,data_zakonczenia_pracy) values (580,24,13,'DEV',8517,20060510,20141015);
insert into pracownik2projekt (id,pracownik_id,projekt_id,funkcja,wynagrodzenie,data_rozpoczecia_pracy,data_zakonczenia_pracy) values (581,157,7,'PL',6128,20061223,20111225);
insert into pracownik2projekt (id,pracownik_id,projekt_id,funkcja,wynagrodzenie,data_rozpoczecia_pracy,data_zakonczenia_pracy) values (582,133,15,'DEV',1081,20111210,20111213);
insert into pracownik2projekt (id,pracownik_id,projekt_id,funkcja,wynagrodzenie,data_rozpoczecia_pracy,data_zakonczenia_pracy) values (583,190,9,'TCD',2061,20140514,20150523);
insert into pracownik2projekt (id,pracownik_id,projekt_id,funkcja,wynagrodzenie,data_rozpoczecia_pracy,data_zakonczenia_pracy) values (584,81,7,'TCD',5868,20150821,20151123);
insert into pracownik2projekt (id,pracownik_id,projekt_id,funkcja,wynagrodzenie,data_rozpoczecia_pracy,data_zakonczenia_pracy) values (585,188,10,'TCD',9612,20060325,20110525);
insert into pracownik2projekt (id,pracownik_id,projekt_id,funkcja,wynagrodzenie,data_rozpoczecia_pracy,data_zakonczenia_pracy) values (586,164,7,'TCD',1806,20150401,20151109);
insert into pracownik2projekt (id,pracownik_id,projekt_id,funkcja,wynagrodzenie,data_rozpoczecia_pracy,data_zakonczenia_pracy) values (587,179,6,'PL',5774,20121121,20141227);
insert into pracownik2projekt (id,pracownik_id,projekt_id,funkcja,wynagrodzenie,data_rozpoczecia_pracy,data_zakonczenia_pracy) values (588,52,14,'FCD',8246,20070802,20121216);
insert into pracownik2projekt (id,pracownik_id,projekt_id,funkcja,wynagrodzenie,data_rozpoczecia_pracy,data_zakonczenia_pracy) values (589,110,14,'FCD',5453,20140528,20150928);
insert into pracownik2projekt (id,pracownik_id,projekt_id,funkcja,wynagrodzenie,data_rozpoczecia_pracy,data_zakonczenia_pracy) values (590,171,2,'TCD',6498,20060315,20110628);
insert into pracownik2projekt (id,pracownik_id,projekt_id,funkcja,wynagrodzenie,data_rozpoczecia_pracy,data_zakonczenia_pracy) values (591,181,4,'DEV',2377,20110313,20110415);
insert into pracownik2projekt (id,pracownik_id,projekt_id,funkcja,wynagrodzenie,data_rozpoczecia_pracy,data_zakonczenia_pracy) values (592,125,8,'DEV',5323,20130403,20131011);
insert into pracownik2projekt (id,pracownik_id,projekt_id,funkcja,wynagrodzenie,data_rozpoczecia_pracy,data_zakonczenia_pracy) values (593,125,14,'FCD',3421,20120105,20130513);
insert into pracownik2projekt (id,pracownik_id,projekt_id,funkcja,wynagrodzenie,data_rozpoczecia_pracy,data_zakonczenia_pracy) values (594,75,13,'FCD',3514,20130207,20130728);
insert into pracownik2projekt (id,pracownik_id,projekt_id,funkcja,wynagrodzenie,data_rozpoczecia_pracy,data_zakonczenia_pracy) values (595,116,5,'PL',1793,20100317,20150427);
insert into pracownik2projekt (id,pracownik_id,projekt_id,funkcja,wynagrodzenie,data_rozpoczecia_pracy,data_zakonczenia_pracy) values (596,27,15,'DEV',3357,20130328,20130728);
insert into pracownik2projekt (id,pracownik_id,projekt_id,funkcja,wynagrodzenie,data_rozpoczecia_pracy,data_zakonczenia_pracy) values (597,1,2,'TCD',5495,20080617,20110728);
insert into pracownik2projekt (id,pracownik_id,projekt_id,funkcja,wynagrodzenie,data_rozpoczecia_pracy,data_zakonczenia_pracy) values (598,76,14,'TCD',8589,20160507,20160714);
insert into pracownik2projekt (id,pracownik_id,projekt_id,funkcja,wynagrodzenie,data_rozpoczecia_pracy,data_zakonczenia_pracy) values (599,134,9,'PL',6481,20160306,20160813);
insert into pracownik2projekt (id,pracownik_id,projekt_id,funkcja,wynagrodzenie,data_rozpoczecia_pracy,data_zakonczenia_pracy) values (600,103,12,'PL',5755,20150316,20151123);
insert into pracownik2projekt (id,pracownik_id,projekt_id,funkcja,wynagrodzenie,data_rozpoczecia_pracy,data_zakonczenia_pracy) values (601,47,6,'PL',9858,20130115,20160520);
insert into pracownik2projekt (id,pracownik_id,projekt_id,funkcja,wynagrodzenie,data_rozpoczecia_pracy,data_zakonczenia_pracy) values (602,59,12,'PL',7365,20060108,20060827);
insert into pracownik2projekt (id,pracownik_id,projekt_id,funkcja,wynagrodzenie,data_rozpoczecia_pracy,data_zakonczenia_pracy) values (603,102,13,'DEV',9655,20121220,20121221);
insert into pracownik2projekt (id,pracownik_id,projekt_id,funkcja,wynagrodzenie,data_rozpoczecia_pracy,data_zakonczenia_pracy) values (604,51,12,'PL',1768,20091218,20151228);
insert into pracownik2projekt (id,pracownik_id,projekt_id,funkcja,wynagrodzenie,data_rozpoczecia_pracy,data_zakonczenia_pracy) values (605,198,3,'FCD',6708,20140927,20141228);
insert into pracownik2projekt (id,pracownik_id,projekt_id,funkcja,wynagrodzenie,data_rozpoczecia_pracy,data_zakonczenia_pracy) values (606,154,6,'TCD',6538,20081224,20111226);
insert into pracownik2projekt (id,pracownik_id,projekt_id,funkcja,wynagrodzenie,data_rozpoczecia_pracy,data_zakonczenia_pracy) values (607,193,4,'TCD',4948,20080118,20140625);
insert into pracownik2projekt (id,pracownik_id,projekt_id,funkcja,wynagrodzenie,data_rozpoczecia_pracy,data_zakonczenia_pracy) values (608,43,15,'TCD',5293,20070326,20110626);
insert into pracownik2projekt (id,pracownik_id,projekt_id,funkcja,wynagrodzenie,data_rozpoczecia_pracy,data_zakonczenia_pracy) values (609,29,3,'TCD',8066,20060528,20160928);
insert into pracownik2projekt (id,pracownik_id,projekt_id,funkcja,wynagrodzenie,data_rozpoczecia_pracy,data_zakonczenia_pracy) values (610,96,13,'DEV',4495,20140410,20141016);
insert into pracownik2projekt (id,pracownik_id,projekt_id,funkcja,wynagrodzenie,data_rozpoczecia_pracy,data_zakonczenia_pracy) values (611,139,7,'PL',1456,20060816,20081127);
insert into pracownik2projekt (id,pracownik_id,projekt_id,funkcja,wynagrodzenie,data_rozpoczecia_pracy,data_zakonczenia_pracy) values (612,146,4,'PL',4308,20120111,20130113);
insert into pracownik2projekt (id,pracownik_id,projekt_id,funkcja,wynagrodzenie,data_rozpoczecia_pracy,data_zakonczenia_pracy) values (613,58,8,'DEV',3428,20070609,20151211);
insert into pracownik2projekt (id,pracownik_id,projekt_id,funkcja,wynagrodzenie,data_rozpoczecia_pracy,data_zakonczenia_pracy) values (614,63,15,'DEV',8328,20140411,20160822);
insert into pracownik2projekt (id,pracownik_id,projekt_id,funkcja,wynagrodzenie,data_rozpoczecia_pracy,data_zakonczenia_pracy) values (615,9,3,'TCD',2141,20131021,20141025);
insert into pracownik2projekt (id,pracownik_id,projekt_id,funkcja,wynagrodzenie,data_rozpoczecia_pracy,data_zakonczenia_pracy) values (616,95,9,'DEV',4220,20140202,20160503);
insert into pracownik2projekt (id,pracownik_id,projekt_id,funkcja,wynagrodzenie,data_rozpoczecia_pracy,data_zakonczenia_pracy) values (617,51,14,'FCD',6971,20131128,20141228);
insert into pracownik2projekt (id,pracownik_id,projekt_id,funkcja,wynagrodzenie,data_rozpoczecia_pracy,data_zakonczenia_pracy) values (618,178,15,'TCD',3624,20061115,20151217);
insert into pracownik2projekt (id,pracownik_id,projekt_id,funkcja,wynagrodzenie,data_rozpoczecia_pracy,data_zakonczenia_pracy) values (619,26,5,'FCD',9820,20071211,20081226);
insert into pracownik2projekt (id,pracownik_id,projekt_id,funkcja,wynagrodzenie,data_rozpoczecia_pracy,data_zakonczenia_pracy) values (620,116,13,'TCD',1070,20091018,20091224);
insert into pracownik2projekt (id,pracownik_id,projekt_id,funkcja,wynagrodzenie,data_rozpoczecia_pracy,data_zakonczenia_pracy) values (621,45,10,'TCD',5054,20110109,20130118);
insert into pracownik2projekt (id,pracownik_id,projekt_id,funkcja,wynagrodzenie,data_rozpoczecia_pracy,data_zakonczenia_pracy) values (622,21,9,'TCD',2962,20080220,20100921);
insert into pracownik2projekt (id,pracownik_id,projekt_id,funkcja,wynagrodzenie,data_rozpoczecia_pracy,data_zakonczenia_pracy) values (623,64,1,'DEV',2401,20111002,20141206);
insert into pracownik2projekt (id,pracownik_id,projekt_id,funkcja,wynagrodzenie,data_rozpoczecia_pracy,data_zakonczenia_pracy) values (624,25,2,'TCD',7319,20090716,20131121);
insert into pracownik2projekt (id,pracownik_id,projekt_id,funkcja,wynagrodzenie,data_rozpoczecia_pracy,data_zakonczenia_pracy) values (625,194,4,'FCD',4431,20120304,20130913);
insert into pracownik2projekt (id,pracownik_id,projekt_id,funkcja,wynagrodzenie,data_rozpoczecia_pracy,data_zakonczenia_pracy) values (626,173,14,'PL',6361,20140614,20161023);
insert into pracownik2projekt (id,pracownik_id,projekt_id,funkcja,wynagrodzenie,data_rozpoczecia_pracy,data_zakonczenia_pracy) values (627,116,10,'DEV',5192,20160310,20160917);
insert into pracownik2projekt (id,pracownik_id,projekt_id,funkcja,wynagrodzenie,data_rozpoczecia_pracy,data_zakonczenia_pracy) values (628,163,15,'FCD',9201,20160707,20161225);
insert into pracownik2projekt (id,pracownik_id,projekt_id,funkcja,wynagrodzenie,data_rozpoczecia_pracy,data_zakonczenia_pracy) values (629,7,6,'PL',6837,20150810,20161118);
insert into pracownik2projekt (id,pracownik_id,projekt_id,funkcja,wynagrodzenie,data_rozpoczecia_pracy,data_zakonczenia_pracy) values (630,145,7,'TCD',1966,20080906,20080906);
insert into pracownik2projekt (id,pracownik_id,projekt_id,funkcja,wynagrodzenie,data_rozpoczecia_pracy,data_zakonczenia_pracy) values (631,18,1,'FCD',3255,20130926,20140926);
insert into pracownik2projekt (id,pracownik_id,projekt_id,funkcja,wynagrodzenie,data_rozpoczecia_pracy,data_zakonczenia_pracy) values (632,85,11,'TCD',1633,20121124,20141226);
insert into pracownik2projekt (id,pracownik_id,projekt_id,funkcja,wynagrodzenie,data_rozpoczecia_pracy,data_zakonczenia_pracy) values (633,22,8,'DEV',7088,20111219,20111220);
insert into pracownik2projekt (id,pracownik_id,projekt_id,funkcja,wynagrodzenie,data_rozpoczecia_pracy,data_zakonczenia_pracy) values (634,155,15,'TCD',8947,20070626,20150927);
insert into pracownik2projekt (id,pracownik_id,projekt_id,funkcja,wynagrodzenie,data_rozpoczecia_pracy,data_zakonczenia_pracy) values (635,53,10,'TCD',6843,20090111,20160520);
insert into pracownik2projekt (id,pracownik_id,projekt_id,funkcja,wynagrodzenie,data_rozpoczecia_pracy,data_zakonczenia_pracy) values (636,185,11,'FCD',9918,20160422,20161028);
insert into pracownik2projekt (id,pracownik_id,projekt_id,funkcja,wynagrodzenie,data_rozpoczecia_pracy,data_zakonczenia_pracy) values (637,161,12,'PL',9317,20140216,20150822);
insert into pracownik2projekt (id,pracownik_id,projekt_id,funkcja,wynagrodzenie,data_rozpoczecia_pracy,data_zakonczenia_pracy) values (638,21,7,'DEV',1967,20150323,20150625);
insert into pracownik2projekt (id,pracownik_id,projekt_id,funkcja,wynagrodzenie,data_rozpoczecia_pracy,data_zakonczenia_pracy) values (639,1,10,'DEV',7527,20141002,20151224);
insert into pracownik2projekt (id,pracownik_id,projekt_id,funkcja,wynagrodzenie,data_rozpoczecia_pracy,data_zakonczenia_pracy) values (640,88,13,'PL',3213,20140703,20140810);
insert into pracownik2projekt (id,pracownik_id,projekt_id,funkcja,wynagrodzenie,data_rozpoczecia_pracy,data_zakonczenia_pracy) values (641,125,6,'FCD',2494,20131125,20161228);
insert into pracownik2projekt (id,pracownik_id,projekt_id,funkcja,wynagrodzenie,data_rozpoczecia_pracy,data_zakonczenia_pracy) values (642,78,9,'DEV',5318,20100108,20151210);
insert into pracownik2projekt (id,pracownik_id,projekt_id,funkcja,wynagrodzenie,data_rozpoczecia_pracy,data_zakonczenia_pracy) values (643,81,5,'TCD',5110,20131118,20141119);
insert into pracownik2projekt (id,pracownik_id,projekt_id,funkcja,wynagrodzenie,data_rozpoczecia_pracy,data_zakonczenia_pracy) values (644,73,7,'DEV',5755,20120401,20130626);
insert into pracownik2projekt (id,pracownik_id,projekt_id,funkcja,wynagrodzenie,data_rozpoczecia_pracy,data_zakonczenia_pracy) values (645,163,3,'FCD',4333,20090823,20151025);
insert into pracownik2projekt (id,pracownik_id,projekt_id,funkcja,wynagrodzenie,data_rozpoczecia_pracy,data_zakonczenia_pracy) values (646,84,11,'PL',2841,20070617,20120628);
insert into pracownik2projekt (id,pracownik_id,projekt_id,funkcja,wynagrodzenie,data_rozpoczecia_pracy,data_zakonczenia_pracy) values (647,59,3,'PL',7399,20100722,20100828);
insert into pracownik2projekt (id,pracownik_id,projekt_id,funkcja,wynagrodzenie,data_rozpoczecia_pracy,data_zakonczenia_pracy) values (648,41,4,'PL',7576,20160803,20161015);
insert into pracownik2projekt (id,pracownik_id,projekt_id,funkcja,wynagrodzenie,data_rozpoczecia_pracy,data_zakonczenia_pracy) values (649,187,6,'PL',3947,20060922,20061027);
insert into pracownik2projekt (id,pracownik_id,projekt_id,funkcja,wynagrodzenie,data_rozpoczecia_pracy,data_zakonczenia_pracy) values (650,48,5,'TCD',9205,20091218,20101220);
insert into pracownik2projekt (id,pracownik_id,projekt_id,funkcja,wynagrodzenie,data_rozpoczecia_pracy,data_zakonczenia_pracy) values (651,172,12,'FCD',2318,20151104,20151104);
insert into pracownik2projekt (id,pracownik_id,projekt_id,funkcja,wynagrodzenie,data_rozpoczecia_pracy,data_zakonczenia_pracy) values (652,145,8,'FCD',5264,20110926,20120927);
insert into pracownik2projekt (id,pracownik_id,projekt_id,funkcja,wynagrodzenie,data_rozpoczecia_pracy,data_zakonczenia_pracy) values (653,114,9,'FCD',4041,20120603,20131124);
insert into pracownik2projekt (id,pracownik_id,projekt_id,funkcja,wynagrodzenie,data_rozpoczecia_pracy,data_zakonczenia_pracy) values (654,167,1,'PL',9235,20080303,20100515);
insert into pracownik2projekt (id,pracownik_id,projekt_id,funkcja,wynagrodzenie,data_rozpoczecia_pracy,data_zakonczenia_pracy) values (655,15,15,'DEV',8754,20101203,20131212);
insert into pracownik2projekt (id,pracownik_id,projekt_id,funkcja,wynagrodzenie,data_rozpoczecia_pracy,data_zakonczenia_pracy) values (656,58,1,'PL',3474,20150613,20150717);
insert into pracownik2projekt (id,pracownik_id,projekt_id,funkcja,wynagrodzenie,data_rozpoczecia_pracy,data_zakonczenia_pracy) values (657,130,1,'DEV',4183,20141218,20141221);
insert into pracownik2projekt (id,pracownik_id,projekt_id,funkcja,wynagrodzenie,data_rozpoczecia_pracy,data_zakonczenia_pracy) values (658,111,4,'FCD',8354,20070612,20140612);
insert into pracownik2projekt (id,pracownik_id,projekt_id,funkcja,wynagrodzenie,data_rozpoczecia_pracy,data_zakonczenia_pracy) values (659,138,9,'FCD',3527,20161004,20161214);
insert into pracownik2projekt (id,pracownik_id,projekt_id,funkcja,wynagrodzenie,data_rozpoczecia_pracy,data_zakonczenia_pracy) values (660,119,10,'PL',3998,20100708,20151112);
insert into pracownik2projekt (id,pracownik_id,projekt_id,funkcja,wynagrodzenie,data_rozpoczecia_pracy,data_zakonczenia_pracy) values (661,134,2,'TCD',1614,20100905,20161106);
insert into pracownik2projekt (id,pracownik_id,projekt_id,funkcja,wynagrodzenie,data_rozpoczecia_pracy,data_zakonczenia_pracy) values (662,58,5,'TCD',4591,20090512,20110628);
insert into pracownik2projekt (id,pracownik_id,projekt_id,funkcja,wynagrodzenie,data_rozpoczecia_pracy,data_zakonczenia_pracy) values (663,196,10,'TCD',6900,20151109,20151116);
insert into pracownik2projekt (id,pracownik_id,projekt_id,funkcja,wynagrodzenie,data_rozpoczecia_pracy,data_zakonczenia_pracy) values (664,13,8,'FCD',1581,20060915,20141022);
insert into pracownik2projekt (id,pracownik_id,projekt_id,funkcja,wynagrodzenie,data_rozpoczecia_pracy,data_zakonczenia_pracy) values (665,105,15,'FCD',7013,20130213,20160818);
insert into pracownik2projekt (id,pracownik_id,projekt_id,funkcja,wynagrodzenie,data_rozpoczecia_pracy,data_zakonczenia_pracy) values (666,158,8,'FCD',3153,20090306,20140707);
insert into pracownik2projekt (id,pracownik_id,projekt_id,funkcja,wynagrodzenie,data_rozpoczecia_pracy,data_zakonczenia_pracy) values (667,8,15,'DEV',3523,20141003,20151007);
insert into pracownik2projekt (id,pracownik_id,projekt_id,funkcja,wynagrodzenie,data_rozpoczecia_pracy,data_zakonczenia_pracy) values (668,125,4,'TCD',5577,20110718,20151023);
insert into pracownik2projekt (id,pracownik_id,projekt_id,funkcja,wynagrodzenie,data_rozpoczecia_pracy,data_zakonczenia_pracy) values (669,174,7,'PL',1630,20130607,20160809);
insert into pracownik2projekt (id,pracownik_id,projekt_id,funkcja,wynagrodzenie,data_rozpoczecia_pracy,data_zakonczenia_pracy) values (670,28,11,'TCD',6770,20151011,20151220);
insert into pracownik2projekt (id,pracownik_id,projekt_id,funkcja,wynagrodzenie,data_rozpoczecia_pracy,data_zakonczenia_pracy) values (671,72,1,'PL',2300,20110206,20120518);
insert into pracownik2projekt (id,pracownik_id,projekt_id,funkcja,wynagrodzenie,data_rozpoczecia_pracy,data_zakonczenia_pracy) values (672,8,13,'DEV',6089,20140826,20160826);
insert into pracownik2projekt (id,pracownik_id,projekt_id,funkcja,wynagrodzenie,data_rozpoczecia_pracy,data_zakonczenia_pracy) values (673,137,14,'PL',7676,20060127,20101127);
insert into pracownik2projekt (id,pracownik_id,projekt_id,funkcja,wynagrodzenie,data_rozpoczecia_pracy,data_zakonczenia_pracy) values (674,128,4,'FCD',2819,20111209,20121223);
insert into pracownik2projekt (id,pracownik_id,projekt_id,funkcja,wynagrodzenie,data_rozpoczecia_pracy,data_zakonczenia_pracy) values (675,185,12,'TCD',1890,20131201,20141225);
insert into pracownik2projekt (id,pracownik_id,projekt_id,funkcja,wynagrodzenie,data_rozpoczecia_pracy,data_zakonczenia_pracy) values (676,75,7,'DEV',8158,20130819,20140826);
insert into pracownik2projekt (id,pracownik_id,projekt_id,funkcja,wynagrodzenie,data_rozpoczecia_pracy,data_zakonczenia_pracy) values (677,137,15,'TCD',6163,20100114,20101023);
insert into pracownik2projekt (id,pracownik_id,projekt_id,funkcja,wynagrodzenie,data_rozpoczecia_pracy,data_zakonczenia_pracy) values (678,160,4,'DEV',6619,20121216,20141228);
insert into pracownik2projekt (id,pracownik_id,projekt_id,funkcja,wynagrodzenie,data_rozpoczecia_pracy,data_zakonczenia_pracy) values (679,195,6,'FCD',6193,20131017,20151123);
insert into pracownik2projekt (id,pracownik_id,projekt_id,funkcja,wynagrodzenie,data_rozpoczecia_pracy,data_zakonczenia_pracy) values (680,172,8,'DEV',5219,20130620,20151023);
insert into pracownik2projekt (id,pracownik_id,projekt_id,funkcja,wynagrodzenie,data_rozpoczecia_pracy,data_zakonczenia_pracy) values (681,3,4,'FCD',4681,20130501,20160902);
insert into pracownik2projekt (id,pracownik_id,projekt_id,funkcja,wynagrodzenie,data_rozpoczecia_pracy,data_zakonczenia_pracy) values (682,185,10,'PL',1637,20090117,20150318);
insert into pracownik2projekt (id,pracownik_id,projekt_id,funkcja,wynagrodzenie,data_rozpoczecia_pracy,data_zakonczenia_pracy) values (683,85,2,'DEV',9655,20111216,20111221);
insert into pracownik2projekt (id,pracownik_id,projekt_id,funkcja,wynagrodzenie,data_rozpoczecia_pracy,data_zakonczenia_pracy) values (684,138,13,'PL',4564,20160727,20161128);
insert into pracownik2projekt (id,pracownik_id,projekt_id,funkcja,wynagrodzenie,data_rozpoczecia_pracy,data_zakonczenia_pracy) values (685,115,13,'DEV',1426,20090401,20150928);
insert into pracownik2projekt (id,pracownik_id,projekt_id,funkcja,wynagrodzenie,data_rozpoczecia_pracy,data_zakonczenia_pracy) values (686,20,15,'FCD',7287,20111121,20131124);
insert into pracownik2projekt (id,pracownik_id,projekt_id,funkcja,wynagrodzenie,data_rozpoczecia_pracy,data_zakonczenia_pracy) values (687,157,15,'FCD',1383,20140626,20140628);
insert into pracownik2projekt (id,pracownik_id,projekt_id,funkcja,wynagrodzenie,data_rozpoczecia_pracy,data_zakonczenia_pracy) values (688,98,7,'DEV',4369,20120503,20130925);
insert into pracownik2projekt (id,pracownik_id,projekt_id,funkcja,wynagrodzenie,data_rozpoczecia_pracy,data_zakonczenia_pracy) values (689,35,6,'FCD',3048,20060128,20140328);
insert into pracownik2projekt (id,pracownik_id,projekt_id,funkcja,wynagrodzenie,data_rozpoczecia_pracy,data_zakonczenia_pracy) values (690,10,8,'FCD',5961,20060726,20110926);
insert into pracownik2projekt (id,pracownik_id,projekt_id,funkcja,wynagrodzenie,data_rozpoczecia_pracy,data_zakonczenia_pracy) values (691,83,2,'PL',8451,20161106,20161124);
insert into pracownik2projekt (id,pracownik_id,projekt_id,funkcja,wynagrodzenie,data_rozpoczecia_pracy,data_zakonczenia_pracy) values (692,40,4,'TCD',7923,20150409,20150414);
insert into pracownik2projekt (id,pracownik_id,projekt_id,funkcja,wynagrodzenie,data_rozpoczecia_pracy,data_zakonczenia_pracy) values (693,37,10,'TCD',7721,20150312,20151016);
insert into pracownik2projekt (id,pracownik_id,projekt_id,funkcja,wynagrodzenie,data_rozpoczecia_pracy,data_zakonczenia_pracy) values (694,126,10,'FCD',1397,20060817,20120918);
insert into pracownik2projekt (id,pracownik_id,projekt_id,funkcja,wynagrodzenie,data_rozpoczecia_pracy,data_zakonczenia_pracy) values (695,112,3,'DEV',8726,20111008,20151121);
insert into pracownik2projekt (id,pracownik_id,projekt_id,funkcja,wynagrodzenie,data_rozpoczecia_pracy,data_zakonczenia_pracy) values (696,125,15,'FCD',7658,20070716,20161118);
insert into pracownik2projekt (id,pracownik_id,projekt_id,funkcja,wynagrodzenie,data_rozpoczecia_pracy,data_zakonczenia_pracy) values (697,125,8,'FCD',2562,20060525,20110727);
insert into pracownik2projekt (id,pracownik_id,projekt_id,funkcja,wynagrodzenie,data_rozpoczecia_pracy,data_zakonczenia_pracy) values (698,180,3,'DEV',2626,20110421,20160825);
insert into pracownik2projekt (id,pracownik_id,projekt_id,funkcja,wynagrodzenie,data_rozpoczecia_pracy,data_zakonczenia_pracy) values (699,180,1,'TCD',5501,20120707,20150828);
insert into pracownik2projekt (id,pracownik_id,projekt_id,funkcja,wynagrodzenie,data_rozpoczecia_pracy,data_zakonczenia_pracy) values (700,124,10,'TCD',5361,20120116,20151020);
insert into pracownik2projekt (id,pracownik_id,projekt_id,funkcja,wynagrodzenie,data_rozpoczecia_pracy,data_zakonczenia_pracy) values (701,150,9,'DEV',3975,20120215,20121115);
insert into pracownik2projekt (id,pracownik_id,projekt_id,funkcja,wynagrodzenie,data_rozpoczecia_pracy,data_zakonczenia_pracy) values (702,198,15,'TCD',4972,20131011,20161123);
insert into pracownik2projekt (id,pracownik_id,projekt_id,funkcja,wynagrodzenie,data_rozpoczecia_pracy,data_zakonczenia_pracy) values (703,70,3,'DEV',5521,20140121,20140921);
insert into pracownik2projekt (id,pracownik_id,projekt_id,funkcja,wynagrodzenie,data_rozpoczecia_pracy,data_zakonczenia_pracy) values (704,23,12,'FCD',9645,20100112,20120418);
insert into pracownik2projekt (id,pracownik_id,projekt_id,funkcja,wynagrodzenie,data_rozpoczecia_pracy,data_zakonczenia_pracy) values (705,69,6,'PL',3717,20110221,20150528);
insert into pracownik2projekt (id,pracownik_id,projekt_id,funkcja,wynagrodzenie,data_rozpoczecia_pracy,data_zakonczenia_pracy) values (706,99,3,'PL',9524,20080716,20141123);
insert into pracownik2projekt (id,pracownik_id,projekt_id,funkcja,wynagrodzenie,data_rozpoczecia_pracy,data_zakonczenia_pracy) values (707,184,1,'PL',7163,20111120,20151121);
insert into pracownik2projekt (id,pracownik_id,projekt_id,funkcja,wynagrodzenie,data_rozpoczecia_pracy,data_zakonczenia_pracy) values (708,133,5,'FCD',1618,20130120,20160124);
insert into pracownik2projekt (id,pracownik_id,projekt_id,funkcja,wynagrodzenie,data_rozpoczecia_pracy,data_zakonczenia_pracy) values (709,110,6,'FCD',9500,20130412,20150618);
insert into pracownik2projekt (id,pracownik_id,projekt_id,funkcja,wynagrodzenie,data_rozpoczecia_pracy,data_zakonczenia_pracy) values (710,90,9,'DEV',4589,20090626,20101128);
insert into pracownik2projekt (id,pracownik_id,projekt_id,funkcja,wynagrodzenie,data_rozpoczecia_pracy,data_zakonczenia_pracy) values (711,180,15,'TCD',9381,20080112,20141225);
insert into pracownik2projekt (id,pracownik_id,projekt_id,funkcja,wynagrodzenie,data_rozpoczecia_pracy,data_zakonczenia_pracy) values (712,148,3,'FCD',4155,20070415,20090528);
insert into pracownik2projekt (id,pracownik_id,projekt_id,funkcja,wynagrodzenie,data_rozpoczecia_pracy,data_zakonczenia_pracy) values (713,103,5,'DEV',7723,20130124,20140225);
insert into pracownik2projekt (id,pracownik_id,projekt_id,funkcja,wynagrodzenie,data_rozpoczecia_pracy,data_zakonczenia_pracy) values (714,38,1,'TCD',4186,20121217,20161222);
insert into pracownik2projekt (id,pracownik_id,projekt_id,funkcja,wynagrodzenie,data_rozpoczecia_pracy,data_zakonczenia_pracy) values (715,24,2,'TCD',9691,20100821,20131227);
insert into pracownik2projekt (id,pracownik_id,projekt_id,funkcja,wynagrodzenie,data_rozpoczecia_pracy,data_zakonczenia_pracy) values (716,28,5,'FCD',1536,20100803,20151219);
insert into pracownik2projekt (id,pracownik_id,projekt_id,funkcja,wynagrodzenie,data_rozpoczecia_pracy,data_zakonczenia_pracy) values (717,73,1,'FCD',7354,20060120,20160227);
insert into pracownik2projekt (id,pracownik_id,projekt_id,funkcja,wynagrodzenie,data_rozpoczecia_pracy,data_zakonczenia_pracy) values (718,5,15,'TCD',2209,20161213,20161217);
insert into pracownik2projekt (id,pracownik_id,projekt_id,funkcja,wynagrodzenie,data_rozpoczecia_pracy,data_zakonczenia_pracy) values (719,116,4,'FCD',6241,20160528,20160828);
insert into pracownik2projekt (id,pracownik_id,projekt_id,funkcja,wynagrodzenie,data_rozpoczecia_pracy,data_zakonczenia_pracy) values (720,18,4,'TCD',1048,20070818,20121221);
insert into pracownik2projekt (id,pracownik_id,projekt_id,funkcja,wynagrodzenie,data_rozpoczecia_pracy,data_zakonczenia_pracy) values (721,16,15,'TCD',4673,20120106,20130508);
insert into pracownik2projekt (id,pracownik_id,projekt_id,funkcja,wynagrodzenie,data_rozpoczecia_pracy,data_zakonczenia_pracy) values (722,43,5,'FCD',4677,20100624,20140927);
insert into pracownik2projekt (id,pracownik_id,projekt_id,funkcja,wynagrodzenie,data_rozpoczecia_pracy,data_zakonczenia_pracy) values (723,191,2,'DEV',5189,20110326,20120428);
insert into pracownik2projekt (id,pracownik_id,projekt_id,funkcja,wynagrodzenie,data_rozpoczecia_pracy,data_zakonczenia_pracy) values (724,142,9,'FCD',3343,20080827,20081228);
insert into pracownik2projekt (id,pracownik_id,projekt_id,funkcja,wynagrodzenie,data_rozpoczecia_pracy,data_zakonczenia_pracy) values (725,195,8,'TCD',8880,20070406,20091025);
insert into pracownik2projekt (id,pracownik_id,projekt_id,funkcja,wynagrodzenie,data_rozpoczecia_pracy,data_zakonczenia_pracy) values (726,163,15,'TCD',8645,20070811,20081021);
insert into pracownik2projekt (id,pracownik_id,projekt_id,funkcja,wynagrodzenie,data_rozpoczecia_pracy,data_zakonczenia_pracy) values (727,174,9,'PL',3264,20080221,20110524);
insert into pracownik2projekt (id,pracownik_id,projekt_id,funkcja,wynagrodzenie,data_rozpoczecia_pracy,data_zakonczenia_pracy) values (728,30,8,'DEV',4664,20160413,20160727);
insert into pracownik2projekt (id,pracownik_id,projekt_id,funkcja,wynagrodzenie,data_rozpoczecia_pracy,data_zakonczenia_pracy) values (729,58,6,'PL',6671,20060728,20061128);
insert into pracownik2projekt (id,pracownik_id,projekt_id,funkcja,wynagrodzenie,data_rozpoczecia_pracy,data_zakonczenia_pracy) values (730,127,8,'PL',4382,20071218,20141227);
insert into pracownik2projekt (id,pracownik_id,projekt_id,funkcja,wynagrodzenie,data_rozpoczecia_pracy,data_zakonczenia_pracy) values (731,41,5,'TCD',3131,20160327,20160628);
insert into pracownik2projekt (id,pracownik_id,projekt_id,funkcja,wynagrodzenie,data_rozpoczecia_pracy,data_zakonczenia_pracy) values (732,116,7,'PL',9593,20070620,20120824);
insert into pracownik2projekt (id,pracownik_id,projekt_id,funkcja,wynagrodzenie,data_rozpoczecia_pracy,data_zakonczenia_pracy) values (733,179,12,'PL',7223,20131223,20161226);
insert into pracownik2projekt (id,pracownik_id,projekt_id,funkcja,wynagrodzenie,data_rozpoczecia_pracy,data_zakonczenia_pracy) values (734,125,13,'FCD',2590,20070615,20111115);
insert into pracownik2projekt (id,pracownik_id,projekt_id,funkcja,wynagrodzenie,data_rozpoczecia_pracy,data_zakonczenia_pracy) values (735,127,6,'TCD',2472,20161120,20161222);
insert into pracownik2projekt (id,pracownik_id,projekt_id,funkcja,wynagrodzenie,data_rozpoczecia_pracy,data_zakonczenia_pracy) values (736,125,4,'TCD',1264,20160914,20160928);
insert into pracownik2projekt (id,pracownik_id,projekt_id,funkcja,wynagrodzenie,data_rozpoczecia_pracy,data_zakonczenia_pracy) values (737,126,7,'PL',4063,20081115,20111217);
insert into pracownik2projekt (id,pracownik_id,projekt_id,funkcja,wynagrodzenie,data_rozpoczecia_pracy,data_zakonczenia_pracy) values (738,5,3,'DEV',3748,20081223,20131224);
insert into pracownik2projekt (id,pracownik_id,projekt_id,funkcja,wynagrodzenie,data_rozpoczecia_pracy,data_zakonczenia_pracy) values (739,26,3,'DEV',2452,20090401,20090821);
insert into pracownik2projekt (id,pracownik_id,projekt_id,funkcja,wynagrodzenie,data_rozpoczecia_pracy,data_zakonczenia_pracy) values (740,165,8,'TCD',5129,20110924,20111027);
insert into pracownik2projekt (id,pracownik_id,projekt_id,funkcja,wynagrodzenie,data_rozpoczecia_pracy,data_zakonczenia_pracy) values (741,126,14,'DEV',4610,20130513,20140724);
insert into pracownik2projekt (id,pracownik_id,projekt_id,funkcja,wynagrodzenie,data_rozpoczecia_pracy,data_zakonczenia_pracy) values (742,110,15,'TCD',7369,20070423,20141225);
insert into pracownik2projekt (id,pracownik_id,projekt_id,funkcja,wynagrodzenie,data_rozpoczecia_pracy,data_zakonczenia_pracy) values (743,54,13,'TCD',9066,20150222,20150825);
insert into pracownik2projekt (id,pracownik_id,projekt_id,funkcja,wynagrodzenie,data_rozpoczecia_pracy,data_zakonczenia_pracy) values (744,68,13,'TCD',8044,20080310,20140925);
insert into pracownik2projekt (id,pracownik_id,projekt_id,funkcja,wynagrodzenie,data_rozpoczecia_pracy,data_zakonczenia_pracy) values (745,137,8,'DEV',2803,20121007,20121013);
insert into pracownik2projekt (id,pracownik_id,projekt_id,funkcja,wynagrodzenie,data_rozpoczecia_pracy,data_zakonczenia_pracy) values (746,45,5,'PL',1248,20060620,20060724);
insert into pracownik2projekt (id,pracownik_id,projekt_id,funkcja,wynagrodzenie,data_rozpoczecia_pracy,data_zakonczenia_pracy) values (747,71,10,'PL',8180,20110116,20121216);
insert into pracownik2projekt (id,pracownik_id,projekt_id,funkcja,wynagrodzenie,data_rozpoczecia_pracy,data_zakonczenia_pracy) values (748,146,14,'PL',9712,20140315,20141216);
insert into pracownik2projekt (id,pracownik_id,projekt_id,funkcja,wynagrodzenie,data_rozpoczecia_pracy,data_zakonczenia_pracy) values (749,134,1,'TCD',8592,20100413,20101126);
insert into pracownik2projekt (id,pracownik_id,projekt_id,funkcja,wynagrodzenie,data_rozpoczecia_pracy,data_zakonczenia_pracy) values (750,92,1,'PL',9830,20151120,20151124);
insert into pracownik2projekt (id,pracownik_id,projekt_id,funkcja,wynagrodzenie,data_rozpoczecia_pracy,data_zakonczenia_pracy) values (751,128,5,'FCD',7728,20060127,20061028);
insert into pracownik2projekt (id,pracownik_id,projekt_id,funkcja,wynagrodzenie,data_rozpoczecia_pracy,data_zakonczenia_pracy) values (752,42,14,'TCD',9031,20130707,20130826);
insert into pracownik2projekt (id,pracownik_id,projekt_id,funkcja,wynagrodzenie,data_rozpoczecia_pracy,data_zakonczenia_pracy) values (753,160,4,'TCD',4428,20160825,20161226);
insert into pracownik2projekt (id,pracownik_id,projekt_id,funkcja,wynagrodzenie,data_rozpoczecia_pracy,data_zakonczenia_pracy) values (754,157,13,'DEV',2507,20100504,20111207);
insert into pracownik2projekt (id,pracownik_id,projekt_id,funkcja,wynagrodzenie,data_rozpoczecia_pracy,data_zakonczenia_pracy) values (755,104,14,'FCD',5896,20100320,20160427);
insert into pracownik2projekt (id,pracownik_id,projekt_id,funkcja,wynagrodzenie,data_rozpoczecia_pracy,data_zakonczenia_pracy) values (756,157,5,'FCD',4048,20071128,20071128);
insert into pracownik2projekt (id,pracownik_id,projekt_id,funkcja,wynagrodzenie,data_rozpoczecia_pracy,data_zakonczenia_pracy) values (757,64,15,'DEV',4796,20160806,20161017);
insert into pracownik2projekt (id,pracownik_id,projekt_id,funkcja,wynagrodzenie,data_rozpoczecia_pracy,data_zakonczenia_pracy) values (758,62,3,'DEV',9435,20091104,20141113);
insert into pracownik2projekt (id,pracownik_id,projekt_id,funkcja,wynagrodzenie,data_rozpoczecia_pracy,data_zakonczenia_pracy) values (759,80,5,'TCD',8177,20110309,20150410);
insert into pracownik2projekt (id,pracownik_id,projekt_id,funkcja,wynagrodzenie,data_rozpoczecia_pracy,data_zakonczenia_pracy) values (760,161,15,'PL',3201,20151004,20161218);
insert into pracownik2projekt (id,pracownik_id,projekt_id,funkcja,wynagrodzenie,data_rozpoczecia_pracy,data_zakonczenia_pracy) values (761,171,8,'PL',4166,20080607,20080714);
insert into pracownik2projekt (id,pracownik_id,projekt_id,funkcja,wynagrodzenie,data_rozpoczecia_pracy,data_zakonczenia_pracy) values (762,72,8,'DEV',7650,20091122,20151124);
insert into pracownik2projekt (id,pracownik_id,projekt_id,funkcja,wynagrodzenie,data_rozpoczecia_pracy,data_zakonczenia_pracy) values (763,79,4,'PL',6304,20151010,20161011);
insert into pracownik2projekt (id,pracownik_id,projekt_id,funkcja,wynagrodzenie,data_rozpoczecia_pracy,data_zakonczenia_pracy) values (764,99,14,'FCD',1792,20110706,20141220);
insert into pracownik2projekt (id,pracownik_id,projekt_id,funkcja,wynagrodzenie,data_rozpoczecia_pracy,data_zakonczenia_pracy) values (765,141,3,'FCD',8519,20140111,20140318);
insert into pracownik2projekt (id,pracownik_id,projekt_id,funkcja,wynagrodzenie,data_rozpoczecia_pracy,data_zakonczenia_pracy) values (766,150,1,'DEV',7358,20100404,20150609);
insert into pracownik2projekt (id,pracownik_id,projekt_id,funkcja,wynagrodzenie,data_rozpoczecia_pracy,data_zakonczenia_pracy) values (767,186,14,'PL',7192,20100420,20160526);
insert into pracownik2projekt (id,pracownik_id,projekt_id,funkcja,wynagrodzenie,data_rozpoczecia_pracy,data_zakonczenia_pracy) values (768,182,15,'DEV',9908,20121204,20141208);
insert into pracownik2projekt (id,pracownik_id,projekt_id,funkcja,wynagrodzenie,data_rozpoczecia_pracy,data_zakonczenia_pracy) values (769,120,2,'DEV',7562,20120413,20130421);
insert into pracownik2projekt (id,pracownik_id,projekt_id,funkcja,wynagrodzenie,data_rozpoczecia_pracy,data_zakonczenia_pracy) values (770,47,12,'PL',1381,20130615,20151120);
insert into pracownik2projekt (id,pracownik_id,projekt_id,funkcja,wynagrodzenie,data_rozpoczecia_pracy,data_zakonczenia_pracy) values (771,52,6,'TCD',4613,20071222,20121226);
insert into pracownik2projekt (id,pracownik_id,projekt_id,funkcja,wynagrodzenie,data_rozpoczecia_pracy,data_zakonczenia_pracy) values (772,81,7,'PL',2884,20161221,20161221);
insert into pracownik2projekt (id,pracownik_id,projekt_id,funkcja,wynagrodzenie,data_rozpoczecia_pracy,data_zakonczenia_pracy) values (773,39,3,'DEV',5732,20131028,20151128);
insert into pracownik2projekt (id,pracownik_id,projekt_id,funkcja,wynagrodzenie,data_rozpoczecia_pracy,data_zakonczenia_pracy) values (774,18,14,'FCD',6999,20120319,20130923);
insert into pracownik2projekt (id,pracownik_id,projekt_id,funkcja,wynagrodzenie,data_rozpoczecia_pracy,data_zakonczenia_pracy) values (775,74,8,'DEV',3395,20110417,20120823);
insert into pracownik2projekt (id,pracownik_id,projekt_id,funkcja,wynagrodzenie,data_rozpoczecia_pracy,data_zakonczenia_pracy) values (776,148,12,'FCD',1749,20120602,20150613);
insert into pracownik2projekt (id,pracownik_id,projekt_id,funkcja,wynagrodzenie,data_rozpoczecia_pracy,data_zakonczenia_pracy) values (777,37,14,'FCD',1550,20060709,20120725);
insert into pracownik2projekt (id,pracownik_id,projekt_id,funkcja,wynagrodzenie,data_rozpoczecia_pracy,data_zakonczenia_pracy) values (778,194,14,'FCD',2800,20071013,20141219);
insert into pracownik2projekt (id,pracownik_id,projekt_id,funkcja,wynagrodzenie,data_rozpoczecia_pracy,data_zakonczenia_pracy) values (779,73,14,'FCD',8456,20101205,20111205);
insert into pracownik2projekt (id,pracownik_id,projekt_id,funkcja,wynagrodzenie,data_rozpoczecia_pracy,data_zakonczenia_pracy) values (780,129,5,'TCD',5472,20100925,20141125);
insert into pracownik2projekt (id,pracownik_id,projekt_id,funkcja,wynagrodzenie,data_rozpoczecia_pracy,data_zakonczenia_pracy) values (781,184,3,'TCD',8185,20100125,20121028);
insert into pracownik2projekt (id,pracownik_id,projekt_id,funkcja,wynagrodzenie,data_rozpoczecia_pracy,data_zakonczenia_pracy) values (782,69,13,'PL',4935,20100112,20150518);
insert into pracownik2projekt (id,pracownik_id,projekt_id,funkcja,wynagrodzenie,data_rozpoczecia_pracy,data_zakonczenia_pracy) values (783,151,3,'FCD',4209,20120515,20120528);

